n_acesso,ddat_ano,ddat_mes,ddat_dia,ddat_dia_semana,ddat_semestre,ddat_trimestre,darq_id,acess_id
1,2016,10,11,ter,2,4,17935,17528
10,2016,10,11,ter,2,4,17528,18673
1,2016,10,11,ter,2,4,18673,19034
41,2016,10,11,ter,2,4,19034,18771
192,2016,10,11,ter,2,4,18771,18148
3,2016,10,13,qui,2,4,18148,17640
5,2016,10,13,qui,2,4,17640,17198
1,2016,10,13,qui,2,4,17198,18164
12,2016,10,13,qui,2,4,18164,17520
53,2016,10,13,qui,2,4,17520,18148
3,2016,10,13,qui,2,4,18148,18617
12,2016,10,13,qui,2,4,18617,18771
192,2016,10,13,qui,2,4,18771,18934
1,2016,10,14,sex,2,4,18934,17955
1,2016,10,14,sex,2,4,17955,18617
12,2016,10,14,sex,2,4,18617,19043
2,2016,10,14,sex,2,4,19043,18617
12,2016,10,14,sex,2,4,18617,17724
2,2016,10,14,sex,2,4,17724,18514
4,2016,10,14,sex,2,4,18514,17857
1,2016,10,14,sex,2,4,17857,17520
53,2016,10,14,sex,2,4,17520,17448
10,2016,10,14,sex,2,4,17448,19034
41,2016,10,17,seg,2,4,19034,17727
2,2016,10,17,seg,2,4,17727,17727
2,2016,10,17,seg,2,4,17727,19071
4,2016,10,17,seg,2,4,19071,18771
192,2016,10,17,seg,2,4,18771,17989
31,2016,10,17,seg,2,4,17989,17989
31,2016,10,17,seg,2,4,17989,18514
4,2016,10,17,seg,2,4,18514,17347
64,2016,10,18,ter,2,4,17347,17448
10,2016,10,18,ter,2,4,17448,18402
4,2016,10,18,ter,2,4,18402,19154
53,2016,10,18,ter,2,4,19154,17429
15,2016,10,18,ter,2,4,17429,18125
34,2016,10,18,ter,2,4,18125,17528
10,2016,10,18,ter,2,4,17528,19146
7,2016,10,18,ter,2,4,19146,18148
3,2016,10,18,ter,2,4,18148,17225
4,2016,10,20,qui,2,4,17225,18193
19,2016,10,20,qui,2,4,18193,19072
54,2016,10,20,qui,2,4,19072,18084
44,2016,10,20,qui,2,4,18084,18264
24,2016,10,20,qui,2,4,18264,18771
192,2016,10,20,qui,2,4,18771,18370
9,2016,10,20,qui,2,4,18370,17347
64,2016,10,20,qui,2,4,17347,18953
1,2016,10,20,qui,2,4,18953,18771
192,2016,10,21,sex,2,4,18771,18795
29,2016,10,21,sex,2,4,18795,19072
54,2016,10,21,sex,2,4,19072,18514
4,2016,10,21,sex,2,4,18514,19110
3,2016,10,21,sex,2,4,19110,18771
192,2016,10,21,sex,2,4,18771,17347
64,2016,10,21,sex,2,4,17347,18125
34,2016,10,21,sex,2,4,18125,18264
24,2016,10,21,sex,2,4,18264,18264
24,2016,10,21,sex,2,4,18264,17551
4,2016,10,22,sb,2,4,17551,19138
19,2016,10,22,sb,2,4,19138,18455
10,2016,10,22,sb,2,4,18455,18125
34,2016,10,24,seg,2,4,18125,19000
56,2016,10,24,seg,2,4,19000,18771
192,2016,10,24,seg,2,4,18771,18800
13,2016,10,24,seg,2,4,18800,17528
10,2016,10,24,seg,2,4,17528,19071
4,2016,10,25,ter,2,4,19071,17528
10,2016,10,25,ter,2,4,17528,17641
4,2016,10,25,ter,2,4,17641,18019
16,2016,10,25,ter,2,4,18019,18019
16,2016,10,25,ter,2,4,18019,17757
2,2016,10,25,ter,2,4,17757,18132
3,2016,10,25,ter,2,4,18132,19166
11,2016,10,25,ter,2,4,19166,19154
53,2016,10,25,ter,2,4,19154,19154
53,2016,10,25,ter,2,4,19154,18864
8,2016,10,25,ter,2,4,18864,18023
45,2016,10,25,ter,2,4,18023,18112
1,2016,10,26,qua,2,4,18112,17619
2,2016,10,26,qua,2,4,17619,18844
2,2016,10,26,qua,2,4,18844,17347
64,2016,10,26,qua,2,4,17347,19154
53,2016,10,26,qua,2,4,19154,18771
192,2016,10,26,qua,2,4,18771,17150
82,2016,10,26,qua,2,4,17150,39376
1,2016,10,26,qua,2,4,39376,18455
10,2016,10,26,qua,2,4,18455,18864
8,2016,10,27,qui,2,4,18864,17520
53,2016,10,27,qui,2,4,17520,17520
53,2016,10,27,qui,2,4,17520,18455
10,2016,10,27,qui,2,4,18455,18023
45,2016,10,27,qui,2,4,18023,17347
64,2016,10,28,sex,2,4,17347,17347
64,2016,10,28,sex,2,4,17347,19000
56,2016,10,28,sex,2,4,19000,19154
53,2016,10,28,sex,2,4,19154,17429
15,2016,10,28,sex,2,4,17429,19072
54,2016,10,28,sex,2,4,19072,18771
192,2016,10,28,sex,2,4,18771,19072
54,2016,10,28,sex,2,4,19072,19154
53,2016,10,28,sex,2,4,19154,17797
25,2016,10,28,sex,2,4,17797,18326
3,2016,10,28,sex,2,4,18326,18326
3,2016,10,28,sex,2,4,18326,17797
25,2016,10,29,sb,2,4,17797,18771
192,2016,10,29,sb,2,4,18771,19072
54,2016,10,29,sb,2,4,19072,18066
2,2016,10,29,sb,2,4,18066,18066
2,2016,10,29,sb,2,4,18066,17562
2,2016,10,31,seg,2,4,17562,18084
44,2016,10,31,seg,2,4,18084,19071
4,2016,10,31,seg,2,4,19071,17520
53,2016,10,31,seg,2,4,17520,19072
54,2016,10,31,seg,2,4,19072,18771
192,2016,10,31,seg,2,4,18771,17797
25,2016,10,31,seg,2,4,17797,17347
64,2016,10,31,seg,2,4,17347,19138
19,2016,10,31,seg,2,4,19138,17244
12,2016,10,31,seg,2,4,17244,18999
1,2016,11,1,ter,2,4,18999,17574
17,2016,11,1,ter,2,4,17574,17528
10,2016,11,1,ter,2,4,17528,18771
192,2016,11,1,ter,2,4,18771,19034
41,2016,11,1,ter,2,4,19034,19034
41,2016,11,1,ter,2,4,19034,18805
1,2016,11,1,ter,2,4,18805,17448
10,2016,11,3,qui,2,4,17448,18125
34,2016,11,3,qui,2,4,18125,19154
53,2016,11,3,qui,2,4,19154,19154
53,2016,11,3,qui,2,4,19154,19072
54,2016,11,3,qui,2,4,19072,17150
82,2016,11,3,qui,2,4,17150,18307
3,2016,11,3,qui,2,4,18307,17781
3,2016,11,3,qui,2,4,17781,17448
10,2016,11,3,qui,2,4,17448,17698
1,2016,11,4,sex,2,4,17698,19071
4,2016,11,4,sex,2,4,19071,18593
18,2016,11,4,sex,2,4,18593,17150
82,2016,11,4,sex,2,4,17150,18617
12,2016,11,4,sex,2,4,18617,17150
82,2016,11,4,sex,2,4,17150,18090
7,2016,11,4,sex,2,4,18090,17919
6,2016,11,4,sex,2,4,17919,17347
64,2016,11,5,sb,2,4,17347,17520
53,2016,11,5,sb,2,4,17520,18771
192,2016,11,5,sb,2,4,18771,18125
34,2016,11,5,sb,2,4,18125,18514
4,2016,11,7,seg,2,4,18514,18771
192,2016,11,7,seg,2,4,18771,17989
31,2016,11,7,seg,2,4,17989,19072
54,2016,11,7,seg,2,4,19072,17797
25,2016,11,7,seg,2,4,17797,18771
192,2016,11,7,seg,2,4,18771,17348
1,2016,11,7,seg,2,4,17348,17352
1,2016,11,7,seg,2,4,17352,17892
2,2016,11,7,seg,2,4,17892,17892
2,2016,11,7,seg,2,4,17892,17730
5,2016,11,7,seg,2,4,17730,17244
12,2016,11,7,seg,2,4,17244,18825
10,2016,11,8,ter,2,4,18825,17150
82,2016,11,8,ter,2,4,17150,17150
82,2016,11,8,ter,2,4,17150,19146
7,2016,11,8,ter,2,4,19146,17448
10,2016,11,8,ter,2,4,17448,18023
45,2016,11,8,ter,2,4,18023,18264
24,2016,11,9,qua,2,4,18264,18084
44,2016,11,9,qua,2,4,18084,17347
64,2016,11,9,qua,2,4,17347,18019
16,2016,11,9,qua,2,4,18019,39108
1,2016,11,9,qua,2,4,39108,18790
1,2016,11,9,qua,2,4,18790,17722
1,2016,11,9,qua,2,4,17722,18019
16,2016,11,9,qua,2,4,18019,18771
192,2016,11,9,qua,2,4,18771,18259
6,2016,11,9,qua,2,4,18259,18023
45,2016,11,9,qua,2,4,18023,18023
45,2016,11,9,qua,2,4,18023,19000
56,2016,11,9,qua,2,4,19000,17448
10,2016,11,10,qui,2,4,17448,18593
18,2016,11,10,qui,2,4,18593,19034
41,2016,11,10,qui,2,4,19034,17448
10,2016,11,10,qui,2,4,17448,19034
41,2016,11,10,qui,2,4,19034,18093
2,2016,11,10,qui,2,4,18093,17789
1,2016,11,10,qui,2,4,17789,18663
3,2016,11,10,qui,2,4,18663,18663
3,2016,11,10,qui,2,4,18663,17448
10,2016,11,10,qui,2,4,17448,18402
4,2016,11,10,qui,2,4,18402,17797
25,2016,11,10,qui,2,4,17797,18593
18,2016,11,10,qui,2,4,18593,18593
18,2016,11,10,qui,2,4,18593,18593
18,2016,11,10,qui,2,4,18593,18593
18,2016,11,10,qui,2,4,18593,18771
192,2016,11,10,qui,2,4,18771,19000
56,2016,11,10,qui,2,4,19000,18125
34,2016,11,10,qui,2,4,18125,19154
53,2016,11,11,sex,2,4,19154,19072
54,2016,11,11,sex,2,4,19072,18771
192,2016,11,11,sex,2,4,18771,19034
41,2016,11,11,sex,2,4,19034,17820
2,2016,11,11,sex,2,4,17820,18084
44,2016,11,11,sex,2,4,18084,17150
82,2016,11,11,sex,2,4,17150,18307
3,2016,11,11,sex,2,4,18307,17781
3,2016,11,11,sex,2,4,17781,19034
41,2016,11,12,sb,2,4,19034,18321
3,2016,11,12,sb,2,4,18321,17893
1,2016,11,12,sb,2,4,17893,18023
45,2016,11,12,sb,2,4,18023,19031
3,2016,11,12,sb,2,4,19031,19043
2,2016,11,12,sb,2,4,19043,17448
10,2016,11,14,seg,2,4,17448,19154
53,2016,11,14,seg,2,4,19154,19154
53,2016,11,14,seg,2,4,19154,19154
53,2016,11,14,seg,2,4,19154,19154
53,2016,11,14,seg,2,4,19154,17448
10,2016,11,14,seg,2,4,17448,17244
12,2016,11,16,qua,2,4,17244,18019
16,2016,11,16,qua,2,4,18019,17520
53,2016,11,16,qua,2,4,17520,19072
54,2016,11,16,qua,2,4,19072,19072
54,2016,11,16,qua,2,4,19072,18771
192,2016,11,16,qua,2,4,18771,18771
192,2016,11,16,qua,2,4,18771,19072
54,2016,11,16,qua,2,4,19072,17347
64,2016,11,17,qui,2,4,17347,19154
53,2016,11,17,qui,2,4,19154,19166
11,2016,11,17,qui,2,4,19166,17528
10,2016,11,17,qui,2,4,17528,18797
2,2016,11,17,qui,2,4,18797,18797
2,2016,11,17,qui,2,4,18797,17640
5,2016,11,17,qui,2,4,17640,17847
4,2016,11,18,sex,2,4,17847,17150
82,2016,11,18,sex,2,4,17150,17847
4,2016,11,18,sex,2,4,17847,17347
64,2016,11,18,sex,2,4,17347,39527
1,2016,11,18,sex,2,4,39527,17547
16,2016,11,18,sex,2,4,17547,17599
1,2016,11,18,sex,2,4,17599,17375
1,2016,11,18,sex,2,4,17375,38798
1,2016,11,18,sex,2,4,38798,17244
12,2016,11,18,sex,2,4,17244,18725
1,2016,11,19,sb,2,4,18725,18404
6,2016,11,19,sb,2,4,18404,17313
1,2016,11,19,sb,2,4,17313,17557
1,2016,11,19,sb,2,4,17557,17347
64,2016,11,19,sb,2,4,17347,18264
24,2016,11,19,sb,2,4,18264,18916
8,2016,11,19,sb,2,4,18916,18193
19,2016,11,19,sb,2,4,18193,18193
19,2016,11,19,sb,2,4,18193,19138
19,2016,11,24,qui,2,4,19138,17520
53,2016,11,24,qui,2,4,17520,19110
3,2016,11,24,qui,2,4,19110,18326
3,2016,11,24,qui,2,4,18326,18834
2,2016,11,24,qui,2,4,18834,39620
20,2016,11,24,qui,2,4,39620,19034
41,2016,11,25,sex,2,4,19034,18084
44,2016,11,25,sex,2,4,18084,19166
11,2016,11,25,sex,2,4,19166,19110
3,2016,11,25,sex,2,4,19110,17520
53,2016,11,25,sex,2,4,17520,19000
56,2016,11,25,sex,2,4,19000,19000
56,2016,11,25,sex,2,4,19000,19000
56,2016,11,25,sex,2,4,19000,19000
56,2016,11,25,sex,2,4,19000,19000
56,2016,11,25,sex,2,4,19000,19000
56,2016,11,25,sex,2,4,19000,19000
56,2016,11,25,sex,2,4,19000,19034
41,2016,11,26,sb,2,4,19034,18084
44,2016,11,26,sb,2,4,18084,39427
2,2016,11,26,sb,2,4,39427,19034
41,2016,11,26,sb,2,4,19034,19000
56,2016,11,26,sb,2,4,19000,39422
78,2016,11,26,sb,2,4,39422,18193
19,2016,11,28,seg,2,4,18193,18462
3,2016,11,28,seg,2,4,18462,17520
53,2016,11,28,seg,2,4,17520,17520
53,2016,11,28,seg,2,4,17520,17534
3,2016,11,28,seg,2,4,17534,18259
6,2016,11,28,seg,2,4,18259,18259
6,2016,11,28,seg,2,4,18259,19124
4,2016,11,28,seg,2,4,19124,18385
15,2016,11,28,seg,2,4,18385,18733
4,2016,11,28,seg,2,4,18733,18385
15,2016,11,28,seg,2,4,18385,18462
3,2016,11,28,seg,2,4,18462,19157
7,2016,11,28,seg,2,4,19157,19138
19,2016,11,28,seg,2,4,19138,19157
7,2016,11,28,seg,2,4,19157,17528
10,2016,11,29,ter,2,4,17528,17528
10,2016,11,29,ter,2,4,17528,19154
53,2016,11,29,ter,2,4,19154,17347
64,2016,11,29,ter,2,4,17347,17528
10,2016,11,29,ter,2,4,17528,17797
25,2016,11,29,ter,2,4,17797,19066
2,2016,11,29,ter,2,4,19066,19066
2,2016,11,29,ter,2,4,19066,17797
25,2016,11,29,ter,2,4,17797,17520
53,2016,11,29,ter,2,4,17520,17551
4,2016,11,30,qua,2,4,17551,18264
24,2016,11,30,qua,2,4,18264,18084
44,2016,11,30,qua,2,4,18084,18264
24,2016,11,30,qua,2,4,18264,18455
10,2016,11,30,qua,2,4,18455,17551
4,2016,11,30,qua,2,4,17551,39396
2,2016,11,30,qua,2,4,39396,39396
2,2016,11,30,qua,2,4,39396,17520
53,2016,11,30,qua,2,4,17520,39620
20,2016,11,30,qua,2,4,39620,19154
53,2016,11,30,qua,2,4,19154,19154
53,2016,11,30,qua,2,4,19154,19154
53,2016,11,30,qua,2,4,19154,39620
20,2016,11,30,qua,2,4,39620,18834
2,2016,11,30,qua,2,4,18834,18084
44,2016,12,1,qui,2,4,18084,19034
41,2016,12,1,qui,2,4,19034,39427
2,2016,12,1,qui,2,4,39427,19154
53,2016,12,1,qui,2,4,19154,18125
34,2016,12,1,qui,2,4,18125,18019
16,2016,12,1,qui,2,4,18019,17547
16,2016,12,1,qui,2,4,17547,18084
44,2016,12,1,qui,2,4,18084,19154
53,2016,12,1,qui,2,4,19154,18132
3,2016,12,1,qui,2,4,18132,19166
11,2016,12,1,qui,2,4,19166,19154
53,2016,12,1,qui,2,4,19154,18879
14,2016,12,2,sex,2,4,18879,18593
18,2016,12,2,sex,2,4,18593,17345
2,2016,12,2,sex,2,4,17345,17520
53,2016,12,2,sex,2,4,17520,17547
16,2016,12,2,sex,2,4,17547,18084
44,2016,12,2,sex,2,4,18084,17594
3,2016,12,2,sex,2,4,17594,17641
4,2016,12,2,sex,2,4,17641,17807
1,2016,12,2,sex,2,4,17807,19115
1,2016,12,2,sex,2,4,19115,18771
192,2016,12,2,sex,2,4,18771,18879
14,2016,12,2,sex,2,4,18879,39751
1,2016,12,3,sb,2,4,39751,18800
13,2016,12,3,sb,2,4,18800,17520
53,2016,12,3,sb,2,4,17520,18125
34,2016,12,3,sb,2,4,18125,18731
3,2016,12,3,sb,2,4,18731,18771
192,2016,12,3,sb,2,4,18771,17574
17,2016,12,3,sb,2,4,17574,17551
4,2016,12,3,sb,2,4,17551,17136
1,2016,12,3,sb,2,4,17136,18388
1,2016,12,3,sb,2,4,18388,18023
45,2016,12,3,sb,2,4,18023,18771
192,2016,12,5,seg,2,4,18771,18023
45,2016,12,5,seg,2,4,18023,18455
10,2016,12,5,seg,2,4,18455,18455
10,2016,12,5,seg,2,4,18455,17347
64,2016,12,5,seg,2,4,17347,17150
82,2016,12,5,seg,2,4,17150,17845
1,2016,12,6,ter,2,4,17845,18771
192,2016,12,6,ter,2,4,18771,18593
18,2016,12,6,ter,2,4,18593,19072
54,2016,12,6,ter,2,4,19072,18771
192,2016,12,6,ter,2,4,18771,18274
1,2016,12,6,ter,2,4,18274,18455
10,2016,12,6,ter,2,4,18455,17528
10,2016,12,6,ter,2,4,17528,18455
10,2016,12,7,qua,2,4,18455,39422
78,2016,12,7,qua,2,4,39422,18808
2,2016,12,7,qua,2,4,18808,18413
4,2016,12,7,qua,2,4,18413,19031
3,2016,12,7,qua,2,4,19031,18203
3,2016,12,7,qua,2,4,18203,18084
44,2016,12,7,qua,2,4,18084,17957
1,2016,12,7,qua,2,4,17957,18084
44,2016,12,7,qua,2,4,18084,18084
44,2016,12,7,qua,2,4,18084,17195
1,2016,12,7,qua,2,4,17195,18264
24,2016,12,7,qua,2,4,18264,17244
12,2016,12,8,qui,2,4,17244,18800
13,2016,12,8,qui,2,4,18800,18800
13,2016,12,8,qui,2,4,18800,18800
13,2016,12,8,qui,2,4,18800,18800
13,2016,12,8,qui,2,4,18800,19138
19,2016,12,8,qui,2,4,19138,19138
19,2016,12,8,qui,2,4,19138,19138
19,2016,12,8,qui,2,4,19138,19138
19,2016,12,8,qui,2,4,19138,19138
19,2016,12,8,qui,2,4,19138,19138
19,2016,12,8,qui,2,4,19138,19138
19,2016,12,8,qui,2,4,19138,18771
192,2016,12,8,qui,2,4,18771,19072
54,2016,12,8,qui,2,4,19072,18771
192,2016,12,8,qui,2,4,18771,17989
31,2016,12,8,qui,2,4,17989,17989
31,2016,12,8,qui,2,4,17989,17989
31,2016,12,8,qui,2,4,17989,18093
2,2016,12,8,qui,2,4,18093,18663
3,2016,12,8,qui,2,4,18663,18344
4,2016,12,8,qui,2,4,18344,18019
16,2016,12,8,qui,2,4,18019,18019
16,2016,12,8,qui,2,4,18019,18019
16,2016,12,8,qui,2,4,18019,18019
16,2016,12,8,qui,2,4,18019,18771
192,2016,12,8,qui,2,4,18771,17989
31,2016,12,8,qui,2,4,17989,19000
56,2016,12,8,qui,2,4,19000,19000
56,2016,12,8,qui,2,4,19000,19000
56,2016,12,8,qui,2,4,19000,19000
56,2016,12,8,qui,2,4,19000,19000
56,2016,12,8,qui,2,4,19000,18455
10,2016,12,8,qui,2,4,18455,19138
19,2016,12,8,qui,2,4,19138,19138
19,2016,12,8,qui,2,4,19138,19138
19,2016,12,8,qui,2,4,19138,19138
19,2016,12,8,qui,2,4,19138,19138
19,2016,12,8,qui,2,4,19138,19138
19,2016,12,8,qui,2,4,19138,39422
78,2016,12,9,sex,2,4,39422,17132
2,2016,12,9,sex,2,4,17132,17132
2,2016,12,9,sex,2,4,17132,18402
4,2016,12,9,sex,2,4,18402,19146
7,2016,12,9,sex,2,4,19146,18800
13,2016,12,9,sex,2,4,18800,18370
9,2016,12,9,sex,2,4,18370,19000
56,2016,12,9,sex,2,4,19000,18402
4,2016,12,9,sex,2,4,18402,39422
78,2016,12,9,sex,2,4,39422,17244
12,2016,12,9,sex,2,4,17244,18455
10,2016,12,9,sex,2,4,18455,114246
1,2016,12,9,sex,2,4,114246,18019
16,2016,12,9,sex,2,4,18019,17989
31,2016,12,9,sex,2,4,17989,114260
1,2016,12,9,sex,2,4,114260,19138
19,2016,12,9,sex,2,4,19138,18413
4,2016,12,9,sex,2,4,18413,18203
3,2016,12,9,sex,2,4,18203,39422
78,2016,12,9,sex,2,4,39422,19154
53,2016,12,9,sex,2,4,19154,18800
13,2016,12,9,sex,2,4,18800,19138
19,2016,12,9,sex,2,4,19138,18771
192,2016,12,9,sex,2,4,18771,19072
54,2016,12,9,sex,2,4,19072,19072
54,2016,12,9,sex,2,4,19072,17347
64,2016,12,10,sb,2,4,17347,18019
16,2016,12,10,sb,2,4,18019,18825
10,2016,12,12,seg,2,4,18825,17963
5,2016,12,12,seg,2,4,17963,18297
1,2016,12,12,seg,2,4,18297,131749
32,2016,12,12,seg,2,4,131749,18879
14,2016,12,12,seg,2,4,18879,18879
14,2016,12,12,seg,2,4,18879,19072
54,2016,12,12,seg,2,4,19072,18084
44,2016,12,13,ter,2,4,18084,17919
6,2016,12,13,ter,2,4,17919,17919
6,2016,12,13,ter,2,4,17919,18125
34,2016,12,13,ter,2,4,18125,18193
19,2016,12,13,ter,2,4,18193,18193
19,2016,12,13,ter,2,4,18193,18771
192,2016,12,13,ter,2,4,18771,19038
6,2016,12,13,ter,2,4,19038,17347
64,2016,12,13,ter,2,4,17347,17803
4,2016,12,13,ter,2,4,17803,17956
5,2016,12,13,ter,2,4,17956,17429
15,2016,12,13,ter,2,4,17429,19154
53,2016,12,13,ter,2,4,19154,18294
3,2016,12,14,qua,2,4,18294,18826
1,2016,12,14,qua,2,4,18826,18512
18,2016,12,14,qua,2,4,18512,18771
192,2016,12,14,qua,2,4,18771,19072
54,2016,12,14,qua,2,4,19072,17347
64,2016,12,14,qua,2,4,17347,17878
2,2016,12,14,qua,2,4,17878,17147
3,2016,12,14,qua,2,4,17147,18164
12,2016,12,14,qua,2,4,18164,17680
9,2016,12,14,qua,2,4,17680,18164
12,2016,12,14,qua,2,4,18164,17680
9,2016,12,14,qua,2,4,17680,18512
18,2016,12,14,qua,2,4,18512,94582
3,2016,12,14,qua,2,4,94582,17956
5,2016,12,14,qua,2,4,17956,18601
4,2016,12,14,qua,2,4,18601,39432
7,2016,12,14,qua,2,4,39432,131766
11,2016,12,15,qui,2,4,131766,17929
15,2016,12,15,qui,2,4,17929,18771
192,2016,12,15,qui,2,4,18771,18879
14,2016,12,15,qui,2,4,18879,39422
78,2016,12,15,qui,2,4,39422,39752
5,2016,12,15,qui,2,4,39752,131767
7,2016,12,15,qui,2,4,131767,18193
19,2016,12,15,qui,2,4,18193,18413
4,2016,12,15,qui,2,4,18413,19101
1,2016,12,15,qui,2,4,19101,17825
1,2016,12,15,qui,2,4,17825,19117
2,2016,12,15,qui,2,4,19117,19117
2,2016,12,15,qui,2,4,19117,17409
2,2016,12,15,qui,2,4,17409,19031
3,2016,12,15,qui,2,4,19031,17808
1,2016,12,15,qui,2,4,17808,17704
3,2016,12,15,qui,2,4,17704,17820
2,2016,12,15,qui,2,4,17820,18860
2,2016,12,15,qui,2,4,18860,17956
5,2016,12,15,qui,2,4,17956,18645
2,2016,12,15,qui,2,4,18645,18813
5,2016,12,15,qui,2,4,18813,18084
44,2016,12,15,qui,2,4,18084,19034
41,2016,12,15,qui,2,4,19034,17803
4,2016,12,15,qui,2,4,17803,18860
2,2016,12,15,qui,2,4,18860,17956
5,2016,12,15,qui,2,4,17956,18645
2,2016,12,15,qui,2,4,18645,18344
4,2016,12,15,qui,2,4,18344,17220
2,2016,12,15,qui,2,4,17220,17963
5,2016,12,15,qui,2,4,17963,17963
5,2016,12,16,sex,2,4,17963,17347
64,2016,12,16,sex,2,4,17347,18023
45,2016,12,16,sex,2,4,18023,131755
9,2016,12,16,sex,2,4,131755,131762
5,2016,12,16,sex,2,4,131762,131763
13,2016,12,16,sex,2,4,131763,17520
53,2016,12,16,sex,2,4,17520,17520
53,2016,12,16,sex,2,4,17520,39620
20,2016,12,16,sex,2,4,39620,17520
53,2016,12,16,sex,2,4,17520,17641
4,2016,12,16,sex,2,4,17641,94582
3,2016,12,16,sex,2,4,94582,17956
5,2016,12,16,sex,2,4,17956,18601
4,2016,12,16,sex,2,4,18601,39432
7,2016,12,16,sex,2,4,39432,17264
6,2016,12,26,seg,2,4,17264,17574
17,2016,12,26,seg,2,4,17574,18800
13,2016,12,26,seg,2,4,18800,18800
13,2016,12,26,seg,2,4,18800,131749
32,2016,12,27,ter,2,4,131749,39620
20,2016,12,27,ter,2,4,39620,17929
15,2016,12,27,ter,2,4,17929,131754
18,2016,12,27,ter,2,4,131754,17520
53,2016,12,27,ter,2,4,17520,18771
192,2016,12,27,ter,2,4,18771,18771
192,2016,12,27,ter,2,4,18771,19072
54,2016,12,27,ter,2,4,19072,17150
82,2016,12,28,qua,2,4,17150,17547
16,2016,12,28,qua,2,4,17547,94077
3,2016,12,28,qua,2,4,94077,17989
31,2016,12,28,qua,2,4,17989,18264
24,2016,12,28,qua,2,4,18264,18458
1,2016,12,28,qua,2,4,18458,18193
19,2016,12,28,qua,2,4,18193,18877
12,2016,12,28,qua,2,4,18877,18771
192,2016,12,29,qui,2,4,18771,18795
29,2016,12,29,qui,2,4,18795,17150
82,2016,12,29,qui,2,4,17150,17529
1,2016,12,29,qui,2,4,17529,18795
29,2016,12,29,qui,2,4,18795,17150
82,2016,12,29,qui,2,4,17150,17409
2,2016,12,29,qui,2,4,17409,18019
16,2016,12,29,qui,2,4,18019,18771
192,2016,12,29,qui,2,4,18771,19072
54,2016,12,29,qui,2,4,19072,17796
3,2016,12,29,qui,2,4,17796,131768
17,2016,12,29,qui,2,4,131768,18617
12,2016,12,29,qui,2,4,18617,18203
3,2016,12,29,qui,2,4,18203,18084
44,2016,12,29,qui,2,4,18084,17594
3,2016,12,29,qui,2,4,17594,18617
12,2016,12,29,qui,2,4,18617,18156
1,2016,12,29,qui,2,4,18156,17202
1,2016,12,29,qui,2,4,17202,17414
1,2016,12,29,qui,2,4,17414,17757
2,2016,12,29,qui,2,4,17757,18857
2,2016,12,29,qui,2,4,18857,17356
1,2016,12,29,qui,2,4,17356,19072
54,2016,12,29,qui,2,4,19072,18264
24,2016,12,29,qui,2,4,18264,18261
4,2016,12,30,sex,2,4,18261,18771
192,2016,12,30,sex,2,4,18771,17876
7,2016,12,30,sex,2,4,17876,131788
1,2016,12,30,sex,2,4,131788,19012
1,2016,12,30,sex,2,4,19012,18404
6,2016,12,30,sex,2,4,18404,39422
78,2016,12,30,sex,2,4,39422,17547
16,2016,12,30,sex,2,4,17547,18771
192,2016,12,30,sex,2,4,18771,17547
16,2016,12,30,sex,2,4,17547,39422
78,2016,12,30,sex,2,4,39422,39422
78,2016,12,30,sex,2,4,39422,39422
78,2016,12,30,sex,2,4,39422,18125
34,2016,12,30,sex,2,4,18125,131749
32,2016,12,30,sex,2,4,131749,18264
24,2016,12,30,sex,2,4,18264,18084
44,2016,12,30,sex,2,4,18084,18023
45,2017,1,2,seg,1,1,18023,39422
78,2017,1,2,seg,1,1,39422,94075
11,2017,1,2,seg,1,1,94075,39422
78,2017,1,2,seg,1,1,39422,39422
78,2017,1,2,seg,1,1,39422,94063
7,2017,1,2,seg,1,1,94063,17347
64,2017,1,2,seg,1,1,17347,18023
45,2017,1,2,seg,1,1,18023,19166
11,2017,1,2,seg,1,1,19166,18132
3,2017,1,2,seg,1,1,18132,19154
53,2017,1,2,seg,1,1,19154,18344
4,2017,1,2,seg,1,1,18344,17347
64,2017,1,2,seg,1,1,17347,18275
5,2017,1,2,seg,1,1,18275,131749
32,2017,1,2,seg,1,1,131749,131749
32,2017,1,2,seg,1,1,131749,131754
18,2017,1,2,seg,1,1,131754,131754
18,2017,1,2,seg,1,1,131754,131749
32,2017,1,2,seg,1,1,131749,18771
192,2017,1,2,seg,1,1,18771,19072
54,2017,1,2,seg,1,1,19072,94084
1,2017,1,3,ter,1,1,94084,131753
5,2017,1,3,ter,1,1,131753,131753
5,2017,1,3,ter,1,1,131753,131751
5,2017,1,3,ter,1,1,131751,18125
34,2017,1,3,ter,1,1,18125,17628
3,2017,1,3,ter,1,1,17628,39422
78,2017,1,3,ter,1,1,39422,39422
78,2017,1,3,ter,1,1,39422,131749
32,2017,1,3,ter,1,1,131749,131754
18,2017,1,3,ter,1,1,131754,17429
15,2017,1,3,ter,1,1,17429,17429
15,2017,1,3,ter,1,1,17429,17235
1,2017,1,3,ter,1,1,17235,19154
53,2017,1,3,ter,1,1,19154,19154
53,2017,1,3,ter,1,1,19154,19154
53,2017,1,3,ter,1,1,19154,17885
1,2017,1,3,ter,1,1,17885,17345
2,2017,1,3,ter,1,1,17345,39422
78,2017,1,3,ter,1,1,39422,131766
11,2017,1,3,ter,1,1,131766,39422
78,2017,1,4,qua,1,1,39422,94063
7,2017,1,4,qua,1,1,94063,94063
7,2017,1,4,qua,1,1,94063,94080
3,2017,1,4,qua,1,1,94080,131749
32,2017,1,4,qua,1,1,131749,18864
8,2017,1,4,qua,1,1,18864,18023
45,2017,1,4,qua,1,1,18023,18864
8,2017,1,4,qua,1,1,18864,17520
53,2017,1,4,qua,1,1,17520,39620
20,2017,1,4,qua,1,1,39620,18512
18,2017,1,4,qua,1,1,18512,18620
1,2017,1,4,qua,1,1,18620,17617
2,2017,1,4,qua,1,1,17617,17357
1,2017,1,4,qua,1,1,17357,17617
2,2017,1,4,qua,1,1,17617,18254
1,2017,1,4,qua,1,1,18254,17150
82,2017,1,4,qua,1,1,17150,18019
16,2017,1,4,qua,1,1,18019,19034
41,2017,1,5,qui,1,1,19034,17771
4,2017,1,5,qui,1,1,17771,18084
44,2017,1,5,qui,1,1,18084,18385
15,2017,1,5,qui,1,1,18385,18385
15,2017,1,5,qui,1,1,18385,19154
53,2017,1,5,qui,1,1,19154,17347
64,2017,1,5,qui,1,1,17347,19154
53,2017,1,5,qui,1,1,19154,18771
192,2017,1,5,qui,1,1,18771,19072
54,2017,1,5,qui,1,1,19072,18189
5,2017,1,5,qui,1,1,18189,18077
1,2017,1,6,sex,1,1,18077,18264
24,2017,1,6,sex,1,1,18264,17150
82,2017,1,6,sex,1,1,17150,18171
1,2017,1,6,sex,1,1,18171,17594
3,2017,1,6,sex,1,1,17594,38840
1,2017,1,6,sex,1,1,38840,18844
2,2017,1,6,sex,1,1,18844,17980
1,2017,1,6,sex,1,1,17980,39418
1,2017,1,6,sex,1,1,39418,19154
53,2017,1,6,sex,1,1,19154,18771
192,2017,1,6,sex,1,1,18771,19000
56,2017,1,6,sex,1,1,19000,18771
192,2017,1,7,sb,1,1,18771,39423
2,2017,1,7,sb,1,1,39423,18385
15,2017,1,7,sb,1,1,18385,18385
15,2017,1,7,sb,1,1,18385,17150
82,2017,1,9,seg,1,1,17150,19154
53,2017,1,9,seg,1,1,19154,39422
78,2017,1,9,seg,1,1,39422,131760
7,2017,1,9,seg,1,1,131760,17347
64,2017,1,9,seg,1,1,17347,18140
4,2017,1,9,seg,1,1,18140,131763
13,2017,1,9,seg,1,1,131763,131755
9,2017,1,9,seg,1,1,131755,131763
13,2017,1,9,seg,1,1,131763,131768
17,2017,1,10,ter,1,1,131768,17520
53,2017,1,10,ter,1,1,17520,17347
64,2017,1,10,ter,1,1,17347,18140
4,2017,1,10,ter,1,1,18140,18540
3,2017,1,10,ter,1,1,18540,19000
56,2017,1,10,ter,1,1,19000,18771
192,2017,1,10,ter,1,1,18771,18771
192,2017,1,10,ter,1,1,18771,19072
54,2017,1,10,ter,1,1,19072,131757
8,2017,1,10,ter,1,1,131757,131757
8,2017,1,10,ter,1,1,131757,19154
53,2017,1,11,qua,1,1,19154,18864
8,2017,1,11,qua,1,1,18864,18608
1,2017,1,11,qua,1,1,18608,19154
53,2017,1,11,qua,1,1,19154,19154
53,2017,1,11,qua,1,1,19154,18771
192,2017,1,11,qua,1,1,18771,18771
192,2017,1,11,qua,1,1,18771,39423
2,2017,1,12,qui,1,1,39423,17929
15,2017,1,12,qui,1,1,17929,18164
12,2017,1,12,qui,1,1,18164,131760
7,2017,1,12,qui,1,1,131760,18190
6,2017,1,12,qui,1,1,18190,18193
19,2017,1,12,qui,1,1,18193,131760
7,2017,1,12,qui,1,1,131760,19157
7,2017,1,13,sex,1,1,19157,18193
19,2017,1,13,sex,1,1,18193,18733
4,2017,1,13,sex,1,1,18733,18733
4,2017,1,13,sex,1,1,18733,19154
53,2017,1,13,sex,1,1,19154,17730
5,2017,1,13,sex,1,1,17730,18190
6,2017,1,13,sex,1,1,18190,18462
3,2017,1,13,sex,1,1,18462,18537
1,2017,1,13,sex,1,1,18537,18259
6,2017,1,13,sex,1,1,18259,39614
4,2017,1,13,sex,1,1,39614,19124
4,2017,1,13,sex,1,1,19124,131751
5,2017,1,13,sex,1,1,131751,18771
192,2017,1,14,sb,1,1,18771,131749
32,2017,1,14,sb,1,1,131749,18771
192,2017,1,14,sb,1,1,18771,17520
53,2017,1,14,sb,1,1,17520,18771
192,2017,1,14,sb,1,1,18771,18771
192,2017,1,14,sb,1,1,18771,17797
25,2017,1,14,sb,1,1,17797,18771
192,2017,1,14,sb,1,1,18771,18593
18,2017,1,16,seg,1,1,18593,17797
25,2017,1,16,seg,1,1,17797,17537
4,2017,1,16,seg,1,1,17537,17537
4,2017,1,16,seg,1,1,17537,17537
4,2017,1,16,seg,1,1,17537,39422
78,2017,1,16,seg,1,1,39422,18771
192,2017,1,16,seg,1,1,18771,18771
192,2017,1,17,ter,1,1,18771,18264
24,2017,1,17,ter,1,1,18264,18084
44,2017,1,17,ter,1,1,18084,17929
15,2017,1,17,ter,1,1,17929,19124
4,2017,1,17,ter,1,1,19124,18800
13,2017,1,17,ter,1,1,18800,17797
25,2017,1,17,ter,1,1,17797,17730
5,2017,1,17,ter,1,1,17730,18084
44,2017,1,17,ter,1,1,18084,17220
2,2017,1,17,ter,1,1,17220,17547
16,2017,1,17,ter,1,1,17547,18084
44,2017,1,17,ter,1,1,18084,17547
16,2017,1,17,ter,1,1,17547,131751
5,2017,1,17,ter,1,1,131751,131753
5,2017,1,17,ter,1,1,131753,18644
3,2017,1,18,qua,1,1,18644,18748
1,2017,1,18,qua,1,1,18748,17252
1,2017,1,18,qua,1,1,17252,18612
1,2017,1,18,qua,1,1,18612,39432
7,2017,1,18,qua,1,1,39432,18264
24,2017,1,18,qua,1,1,18264,17150
82,2017,1,18,qua,1,1,17150,18307
3,2017,1,18,qua,1,1,18307,131749
32,2017,1,18,qua,1,1,131749,18512
18,2017,1,18,qua,1,1,18512,18617
12,2017,1,18,qua,1,1,18617,18084
44,2017,1,18,qua,1,1,18084,19000
56,2017,1,18,qua,1,1,19000,18275
5,2017,1,18,qua,1,1,18275,17547
16,2017,1,18,qua,1,1,17547,17803
4,2017,1,19,qui,1,1,17803,18344
4,2017,1,19,qui,1,1,18344,18771
192,2017,1,19,qui,1,1,18771,18916
8,2017,1,19,qui,1,1,18916,18436
13,2017,1,19,qui,1,1,18436,131754
18,2017,1,19,qui,1,1,131754,39432
7,2017,1,19,qui,1,1,39432,17225
4,2017,1,19,qui,1,1,17225,18404
6,2017,1,19,qui,1,1,18404,18436
13,2017,1,19,qui,1,1,18436,18404
6,2017,1,19,qui,1,1,18404,18708
2,2017,1,19,qui,1,1,18708,19157
7,2017,1,19,qui,1,1,19157,39422
78,2017,1,19,qui,1,1,39422,19154
53,2017,1,19,qui,1,1,19154,17347
64,2017,1,19,qui,1,1,17347,39620
20,2017,1,20,sex,1,1,39620,17347
64,2017,1,20,sex,1,1,17347,17347
64,2017,1,20,sex,1,1,17347,131749
32,2017,1,20,sex,1,1,131749,39422
78,2017,1,20,sex,1,1,39422,19038
6,2017,1,20,sex,1,1,19038,19038
6,2017,1,20,sex,1,1,19038,17520
53,2017,1,20,sex,1,1,17520,39620
20,2017,1,20,sex,1,1,39620,17347
64,2017,1,20,sex,1,1,17347,18771
192,2017,1,20,sex,1,1,18771,18264
24,2017,1,20,sex,1,1,18264,39422
78,2017,1,21,sb,1,1,39422,39422
78,2017,1,21,sb,1,1,39422,18879
14,2017,1,21,sb,1,1,18879,18771
192,2017,1,21,sb,1,1,18771,17989
31,2017,1,21,sb,1,1,17989,131749
32,2017,1,21,sb,1,1,131749,17640
5,2017,1,21,sb,1,1,17640,17797
25,2017,1,21,sb,1,1,17797,18877
12,2017,1,21,sb,1,1,18877,17264
6,2017,1,23,seg,1,1,17264,131754
18,2017,1,23,seg,1,1,131754,18019
16,2017,1,23,seg,1,1,18019,131758
4,2017,1,23,seg,1,1,131758,39422
78,2017,1,23,seg,1,1,39422,18688
5,2017,1,23,seg,1,1,18688,18806
1,2017,1,23,seg,1,1,18806,17347
64,2017,1,23,seg,1,1,17347,18771
192,2017,1,24,ter,1,1,18771,18601
4,2017,1,24,ter,1,1,18601,131766
11,2017,1,24,ter,1,1,131766,131767
7,2017,1,24,ter,1,1,131767,17534
3,2017,1,24,ter,1,1,17534,17150
82,2017,1,24,ter,1,1,17150,17347
64,2017,1,24,ter,1,1,17347,18771
192,2017,1,24,ter,1,1,18771,17989
31,2017,1,24,ter,1,1,17989,19072
54,2017,1,24,ter,1,1,19072,17989
31,2017,1,24,ter,1,1,17989,18771
192,2017,1,24,ter,1,1,18771,39422
78,2017,1,24,ter,1,1,39422,131766
11,2017,1,24,ter,1,1,131766,18879
14,2017,1,24,ter,1,1,18879,18771
192,2017,1,24,ter,1,1,18771,18385
15,2017,1,24,ter,1,1,18385,18385
15,2017,1,24,ter,1,1,18385,17576
1,2017,1,24,ter,1,1,17576,18332
1,2017,1,24,ter,1,1,18332,17867
1,2017,1,24,ter,1,1,17867,18321
3,2017,1,24,ter,1,1,18321,18512
18,2017,1,24,ter,1,1,18512,18879
14,2017,1,24,ter,1,1,18879,18023
45,2017,1,24,ter,1,1,18023,18125
34,2017,1,25,qua,1,1,18125,39422
78,2017,1,25,qua,1,1,39422,39422
78,2017,1,25,qua,1,1,39422,18125
34,2017,1,25,qua,1,1,18125,18125
34,2017,1,25,qua,1,1,18125,18436
13,2017,1,25,qua,1,1,18436,18436
13,2017,1,25,qua,1,1,18436,17732
1,2017,1,25,qua,1,1,17732,17150
82,2017,1,25,qua,1,1,17150,17797
25,2017,1,25,qua,1,1,17797,18193
19,2017,1,25,qua,1,1,18193,18512
18,2017,1,26,qui,1,1,18512,17131
1,2017,1,26,qui,1,1,17131,18512
18,2017,1,26,qui,1,1,18512,17574
17,2017,1,26,qui,1,1,17574,18771
192,2017,1,26,qui,1,1,18771,19072
54,2017,1,26,qui,1,1,19072,39422
78,2017,1,26,qui,1,1,39422,17295
3,2017,1,26,qui,1,1,17295,17520
53,2017,1,26,qui,1,1,17520,39620
20,2017,1,26,qui,1,1,39620,18771
192,2017,1,26,qui,1,1,18771,18879
14,2017,1,26,qui,1,1,18879,19072
54,2017,1,26,qui,1,1,19072,18771
192,2017,1,26,qui,1,1,18771,18879
14,2017,1,26,qui,1,1,18879,17989
31,2017,1,26,qui,1,1,17989,18771
192,2017,1,26,qui,1,1,18771,18771
192,2017,1,26,qui,1,1,18771,131762
5,2017,1,26,qui,1,1,131762,131755
9,2017,1,26,qui,1,1,131755,131763
13,2017,1,26,qui,1,1,131763,131755
9,2017,1,26,qui,1,1,131755,94069
2,2017,1,26,qui,1,1,94069,131763
13,2017,1,26,qui,1,1,131763,19034
41,2017,1,26,qui,1,1,19034,18813
5,2017,1,26,qui,1,1,18813,17417
5,2017,1,26,qui,1,1,17417,18316
1,2017,1,26,qui,1,1,18316,18771
192,2017,1,26,qui,1,1,18771,19072
54,2017,1,26,qui,1,1,19072,18813
5,2017,1,26,qui,1,1,18813,17347
64,2017,1,26,qui,1,1,17347,19034
41,2017,1,26,qui,1,1,19034,17164
1,2017,1,26,qui,1,1,17164,18199
1,2017,1,26,qui,1,1,18199,18023
45,2017,1,27,sex,1,1,18023,18596
3,2017,1,27,sex,1,1,18596,18644
3,2017,1,27,sex,1,1,18644,131749
32,2017,1,27,sex,1,1,131749,94085
4,2017,1,27,sex,1,1,94085,18771
192,2017,1,27,sex,1,1,18771,131749
32,2017,1,27,sex,1,1,131749,18190
6,2017,1,27,sex,1,1,18190,18771
192,2017,1,27,sex,1,1,18771,19000
56,2017,1,27,sex,1,1,19000,18862
2,2017,1,27,sex,1,1,18862,18698
3,2017,1,28,sb,1,1,18698,94074
2,2017,1,28,sb,1,1,94074,18698
3,2017,1,28,sb,1,1,18698,131768
17,2017,1,28,sb,1,1,131768,18771
192,2017,1,28,sb,1,1,18771,18771
192,2017,1,28,sb,1,1,18771,18505
1,2017,1,28,sb,1,1,18505,17150
82,2017,1,28,sb,1,1,17150,18771
192,2017,1,30,seg,1,1,18771,17680
9,2017,1,30,seg,1,1,17680,18023
45,2017,1,30,seg,1,1,18023,17225
4,2017,1,30,seg,1,1,17225,39678
2,2017,1,30,seg,1,1,39678,39678
2,2017,1,30,seg,1,1,39678,17244
12,2017,1,30,seg,1,1,17244,18771
192,2017,1,30,seg,1,1,18771,18023
45,2017,1,30,seg,1,1,18023,18688
5,2017,1,31,ter,1,1,18688,19006
1,2017,1,31,ter,1,1,19006,18113
2,2017,1,31,ter,1,1,18113,18113
2,2017,1,31,ter,1,1,18113,19154
53,2017,1,31,ter,1,1,19154,18771
192,2017,1,31,ter,1,1,18771,17150
82,2017,1,31,ter,1,1,17150,39620
20,2017,1,31,ter,1,1,39620,17520
53,2017,1,31,ter,1,1,17520,39620
20,2017,1,31,ter,1,1,39620,17520
53,2017,1,31,ter,1,1,17520,131755
9,2017,1,31,ter,1,1,131755,131762
5,2017,1,31,ter,1,1,131762,131763
13,2017,1,31,ter,1,1,131763,18190
6,2017,1,31,ter,1,1,18190,17520
53,2017,1,31,ter,1,1,17520,39620
20,2017,1,31,ter,1,1,39620,131749
32,2017,1,31,ter,1,1,131749,131759
7,2017,1,31,ter,1,1,131759,131760
7,2017,1,31,ter,1,1,131760,18023
45,2017,2,1,qua,1,1,18023,18023
45,2017,2,1,qua,1,1,18023,18164
12,2017,2,1,qua,1,1,18164,94063
7,2017,2,1,qua,1,1,94063,94080
3,2017,2,1,qua,1,1,94080,94068
1,2017,2,1,qua,1,1,94068,94053
1,2017,2,1,qua,1,1,94053,17797
25,2017,2,1,qua,1,1,17797,18535
1,2017,2,1,qua,1,1,18535,17150
82,2017,2,1,qua,1,1,17150,18512
18,2017,2,1,qua,1,1,18512,17781
3,2017,2,1,qua,1,1,17781,17150
82,2017,2,1,qua,1,1,17150,19000
56,2017,2,1,qua,1,1,19000,131766
11,2017,2,2,qui,1,1,131766,18789
3,2017,2,2,qui,1,1,18789,18789
3,2017,2,2,qui,1,1,18789,39422
78,2017,2,2,qui,1,1,39422,17150
82,2017,2,2,qui,1,1,17150,18795
29,2017,2,2,qui,1,1,18795,18370
9,2017,2,2,qui,1,1,18370,18800
13,2017,2,2,qui,1,1,18800,18023
45,2017,2,3,sex,1,1,18023,18327
7,2017,2,3,sex,1,1,18327,17150
82,2017,2,3,sex,1,1,17150,18795
29,2017,2,3,sex,1,1,18795,19122
1,2017,2,3,sex,1,1,19122,94077
3,2017,2,3,sex,1,1,94077,17520
53,2017,2,3,sex,1,1,17520,131751
5,2017,2,3,sex,1,1,131751,18708
2,2017,2,3,sex,1,1,18708,18193
19,2017,2,3,sex,1,1,18193,17244
12,2017,2,3,sex,1,1,17244,19072
54,2017,2,4,sb,1,1,19072,18771
192,2017,2,4,sb,1,1,18771,17347
64,2017,2,4,sb,1,1,17347,39422
78,2017,2,4,sb,1,1,39422,18343
1,2017,2,4,sb,1,1,18343,131757
8,2017,2,4,sb,1,1,131757,18771
192,2017,2,4,sb,1,1,18771,19072
54,2017,2,4,sb,1,1,19072,18771
192,2017,2,4,sb,1,1,18771,39422
78,2017,2,6,seg,1,1,39422,94063
7,2017,2,6,seg,1,1,94063,94080
3,2017,2,6,seg,1,1,94080,18370
9,2017,2,6,seg,1,1,18370,17417
5,2017,2,6,seg,1,1,17417,17520
53,2017,2,6,seg,1,1,17520,39422
78,2017,2,6,seg,1,1,39422,17989
31,2017,2,6,seg,1,1,17989,17640
5,2017,2,6,seg,1,1,17640,17907
1,2017,2,7,ter,1,1,17907,131766
11,2017,2,7,ter,1,1,131766,19000
56,2017,2,7,ter,1,1,19000,19036
3,2017,2,7,ter,1,1,19036,18916
8,2017,2,7,ter,1,1,18916,18190
6,2017,2,7,ter,1,1,18190,18877
12,2017,2,7,ter,1,1,18877,39422
78,2017,2,7,ter,1,1,39422,131754
18,2017,2,7,ter,1,1,131754,18771
192,2017,2,8,qua,1,1,18771,18596
3,2017,2,8,qua,1,1,18596,19072
54,2017,2,8,qua,1,1,19072,18644
3,2017,2,8,qua,1,1,18644,17150
82,2017,2,8,qua,1,1,17150,18795
29,2017,2,8,qua,1,1,18795,18264
24,2017,2,8,qua,1,1,18264,18771
192,2017,2,8,qua,1,1,18771,18879
14,2017,2,8,qua,1,1,18879,17989
31,2017,2,8,qua,1,1,17989,17520
53,2017,2,8,qua,1,1,17520,18771
192,2017,2,8,qua,1,1,18771,18771
192,2017,2,8,qua,1,1,18771,18771
192,2017,2,8,qua,1,1,18771,17264
6,2017,2,9,qui,1,1,17264,17264
6,2017,2,9,qui,1,1,17264,17264
6,2017,2,9,qui,1,1,17264,17347
64,2017,2,9,qui,1,1,17347,18771
192,2017,2,9,qui,1,1,18771,39422
78,2017,2,9,qui,1,1,39422,17295
3,2017,2,9,qui,1,1,17295,94075
11,2017,2,9,qui,1,1,94075,131768
17,2017,2,9,qui,1,1,131768,39422
78,2017,2,9,qui,1,1,39422,94075
11,2017,2,9,qui,1,1,94075,19053
2,2017,2,10,sex,1,1,19053,19053
2,2017,2,10,sex,1,1,19053,17429
15,2017,2,10,sex,1,1,17429,39422
78,2017,2,10,sex,1,1,39422,17150
82,2017,2,10,sex,1,1,17150,131749
32,2017,2,10,sex,1,1,131749,18264
24,2017,2,10,sex,1,1,18264,18877
12,2017,2,10,sex,1,1,18877,18825
10,2017,2,10,sex,1,1,18825,131758
4,2017,2,11,sb,1,1,131758,18125
34,2017,2,11,sb,1,1,18125,18771
192,2017,2,11,sb,1,1,18771,18825
10,2017,2,13,seg,1,1,18825,19154
53,2017,2,13,seg,1,1,19154,17429
15,2017,2,13,seg,1,1,17429,17429
15,2017,2,13,seg,1,1,17429,17429
15,2017,2,13,seg,1,1,17429,18023
45,2017,2,13,seg,1,1,18023,17534
3,2017,2,13,seg,1,1,17534,17929
15,2017,2,13,seg,1,1,17929,18206
1,2017,2,13,seg,1,1,18206,18259
6,2017,2,13,seg,1,1,18259,19124
4,2017,2,13,seg,1,1,19124,39422
78,2017,2,13,seg,1,1,39422,18385
15,2017,2,13,seg,1,1,18385,19072
54,2017,2,13,seg,1,1,19072,18259
6,2017,2,13,seg,1,1,18259,18593
18,2017,2,14,ter,1,1,18593,18593
18,2017,2,14,ter,1,1,18593,17963
5,2017,2,14,ter,1,1,17963,131749
32,2017,2,14,ter,1,1,131749,18089
1,2017,2,14,ter,1,1,18089,18771
192,2017,2,14,ter,1,1,18771,17999
2,2017,2,14,ter,1,1,17999,18771
192,2017,2,14,ter,1,1,18771,131755
9,2017,2,14,ter,1,1,131755,131762
5,2017,2,14,ter,1,1,131762,131763
13,2017,2,14,ter,1,1,131763,19072
54,2017,2,14,ter,1,1,19072,131767
7,2017,2,14,ter,1,1,131767,131759
7,2017,2,14,ter,1,1,131759,17640
5,2017,2,14,ter,1,1,17640,17628
3,2017,2,14,ter,1,1,17628,17150
82,2017,2,14,ter,1,1,17150,18795
29,2017,2,14,ter,1,1,18795,131749
32,2017,2,16,qui,1,1,131749,17876
7,2017,2,16,qui,1,1,17876,17878
2,2017,2,16,qui,1,1,17878,18125
34,2017,2,16,qui,1,1,18125,17150
82,2017,2,16,qui,1,1,17150,18436
13,2017,2,16,qui,1,1,18436,17150
82,2017,2,16,qui,1,1,17150,17520
53,2017,2,16,qui,1,1,17520,17703
3,2017,2,16,qui,1,1,17703,18090
7,2017,2,16,qui,1,1,18090,18090
7,2017,2,16,qui,1,1,18090,17703
3,2017,2,16,qui,1,1,17703,18436
13,2017,2,16,qui,1,1,18436,19154
53,2017,2,16,qui,1,1,19154,18327
7,2017,2,17,sex,1,1,18327,18228
9,2017,2,17,sex,1,1,18228,17574
17,2017,2,17,sex,1,1,17574,18795
29,2017,2,17,sex,1,1,18795,131760
7,2017,2,17,sex,1,1,131760,18025
1,2017,2,17,sex,1,1,18025,18512
18,2017,2,17,sex,1,1,18512,18184
1,2017,2,17,sex,1,1,18184,131757
8,2017,2,18,sb,1,1,131757,131757
8,2017,2,18,sb,1,1,131757,17347
64,2017,2,18,sb,1,1,17347,17347
64,2017,2,18,sb,1,1,17347,17347
64,2017,2,18,sb,1,1,17347,18593
18,2017,2,18,sb,1,1,18593,17429
15,2017,2,18,sb,1,1,17429,17876
7,2017,2,18,sb,1,1,17876,18228
9,2017,2,18,sb,1,1,18228,17574
17,2017,2,18,sb,1,1,17574,17876
7,2017,2,18,sb,1,1,17876,18125
34,2017,2,18,sb,1,1,18125,18023
45,2017,2,18,sb,1,1,18023,18617
12,2017,2,18,sb,1,1,18617,17796
3,2017,2,18,sb,1,1,17796,18023
45,2017,2,18,sb,1,1,18023,18023
45,2017,2,18,sb,1,1,18023,17347
64,2017,2,18,sb,1,1,17347,17796
3,2017,2,20,seg,1,1,17796,39422
78,2017,2,20,seg,1,1,39422,94075
11,2017,2,20,seg,1,1,94075,18023
45,2017,2,20,seg,1,1,18023,17797
25,2017,2,20,seg,1,1,17797,18788
4,2017,2,20,seg,1,1,18788,18771
192,2017,2,20,seg,1,1,18771,17347
64,2017,2,20,seg,1,1,17347,18023
45,2017,2,20,seg,1,1,18023,18771
192,2017,2,20,seg,1,1,18771,39422
78,2017,2,20,seg,1,1,39422,94075
11,2017,2,20,seg,1,1,94075,39422
78,2017,2,20,seg,1,1,39422,39422
78,2017,2,20,seg,1,1,39422,94075
11,2017,2,20,seg,1,1,94075,39752
5,2017,2,21,ter,1,1,39752,131767
7,2017,2,21,ter,1,1,131767,39752
5,2017,2,21,ter,1,1,39752,18788
4,2017,2,21,ter,1,1,18788,17771
4,2017,2,21,ter,1,1,17771,18084
44,2017,2,21,ter,1,1,18084,18788
4,2017,2,21,ter,1,1,18788,39391
2,2017,2,21,ter,1,1,39391,17347
64,2017,2,21,ter,1,1,17347,19000
56,2017,2,21,ter,1,1,19000,18771
192,2017,2,21,ter,1,1,18771,19000
56,2017,2,21,ter,1,1,19000,19000
56,2017,2,21,ter,1,1,19000,131749
32,2017,2,21,ter,1,1,131749,17150
82,2017,2,22,qua,1,1,17150,17563
2,2017,2,22,qua,1,1,17563,17336
1,2017,2,22,qua,1,1,17336,17563
2,2017,2,22,qua,1,1,17563,39672
2,2017,2,22,qua,1,1,39672,39422
78,2017,2,22,qua,1,1,39422,39422
78,2017,2,22,qua,1,1,39422,131749
32,2017,2,22,qua,1,1,131749,17150
82,2017,2,22,qua,1,1,17150,18795
29,2017,2,22,qua,1,1,18795,18771
192,2017,2,22,qua,1,1,18771,94085
4,2017,2,22,qua,1,1,94085,17150
82,2017,2,22,qua,1,1,17150,18795
29,2017,2,22,qua,1,1,18795,17520
53,2017,2,22,qua,1,1,17520,17520
53,2017,2,22,qua,1,1,17520,18193
19,2017,2,22,qua,1,1,18193,18877
12,2017,2,22,qua,1,1,18877,18190
6,2017,2,22,qua,1,1,18190,18325
4,2017,2,22,qua,1,1,18325,18125
34,2017,2,22,qua,1,1,18125,17427
5,2017,2,22,qua,1,1,17427,131755
9,2017,2,22,qua,1,1,131755,131763
13,2017,2,22,qua,1,1,131763,17562
2,2017,2,22,qua,1,1,17562,17150
82,2017,2,22,qua,1,1,17150,18795
29,2017,2,22,qua,1,1,18795,17547
16,2017,2,22,qua,1,1,17547,17515
2,2017,2,22,qua,1,1,17515,18023
45,2017,2,22,qua,1,1,18023,17150
82,2017,2,24,sex,1,1,17150,39422
78,2017,2,24,sex,1,1,39422,94075
11,2017,2,24,sex,1,1,94075,18255
2,2017,2,24,sex,1,1,18255,17427
5,2017,2,24,sex,1,1,17427,18771
192,2017,2,24,sex,1,1,18771,18771
192,2017,2,24,sex,1,1,18771,131768
17,2017,2,24,sex,1,1,131768,131762
5,2017,2,24,sex,1,1,131762,131763
13,2017,2,24,sex,1,1,131763,18512
18,2017,2,24,sex,1,1,18512,131755
9,2017,2,24,sex,1,1,131755,131763
13,2017,2,24,sex,1,1,131763,131754
18,2017,2,24,sex,1,1,131754,18771
192,2017,2,24,sex,1,1,18771,17989
31,2017,2,24,sex,1,1,17989,19072
54,2017,3,1,qua,1,1,19072,17989
31,2017,3,1,qua,1,1,17989,39426
2,2017,3,1,qua,1,1,39426,18436
13,2017,3,1,qua,1,1,18436,19154
53,2017,3,1,qua,1,1,19154,94085
4,2017,3,1,qua,1,1,94085,131749
32,2017,3,1,qua,1,1,131749,17150
82,2017,3,2,qui,1,1,17150,18916
8,2017,3,2,qui,1,1,18916,18733
4,2017,3,2,qui,1,1,18733,39422
78,2017,3,2,qui,1,1,39422,39422
78,2017,3,2,qui,1,1,39422,18771
192,2017,3,2,qui,1,1,18771,18023
45,2017,3,2,qui,1,1,18023,17347
64,2017,3,2,qui,1,1,17347,18436
13,2017,3,2,qui,1,1,18436,18916
8,2017,3,3,sex,1,1,18916,18825
10,2017,3,3,sex,1,1,18825,18771
192,2017,3,3,sex,1,1,18771,131766
11,2017,3,3,sex,1,1,131766,131739
1,2017,3,3,sex,1,1,131739,18771
192,2017,3,3,sex,1,1,18771,19000
56,2017,3,3,sex,1,1,19000,18385
15,2017,3,3,sex,1,1,18385,18413
4,2017,3,3,sex,1,1,18413,17520
53,2017,3,4,sb,1,1,17520,17520
53,2017,3,4,sb,1,1,17520,17520
53,2017,3,4,sb,1,1,17520,19000
56,2017,3,4,sb,1,1,19000,131758
4,2017,3,4,sb,1,1,131758,131768
17,2017,3,4,sb,1,1,131768,18023
45,2017,3,4,sb,1,1,18023,19000
56,2017,3,6,seg,1,1,19000,18771
192,2017,3,6,seg,1,1,18771,19072
54,2017,3,6,seg,1,1,19072,19072
54,2017,3,6,seg,1,1,19072,19072
54,2017,3,6,seg,1,1,19072,95102
8,2017,3,6,seg,1,1,95102,95102
8,2017,3,6,seg,1,1,95102,131754
18,2017,3,6,seg,1,1,131754,17989
31,2017,3,6,seg,1,1,17989,18771
192,2017,3,6,seg,1,1,18771,18125
34,2017,3,6,seg,1,1,18125,17244
12,2017,3,7,ter,1,1,17244,38940
2,2017,3,7,ter,1,1,38940,38940
2,2017,3,7,ter,1,1,38940,39000
2,2017,3,7,ter,1,1,39000,39000
2,2017,3,7,ter,1,1,39000,39391
2,2017,3,7,ter,1,1,39391,17347
64,2017,3,7,ter,1,1,17347,18649
1,2017,3,7,ter,1,1,18649,18084
44,2017,3,7,ter,1,1,18084,18321
3,2017,3,7,ter,1,1,18321,18771
192,2017,3,7,ter,1,1,18771,131763
13,2017,3,7,ter,1,1,131763,18125
34,2017,3,7,ter,1,1,18125,17797
25,2017,3,7,ter,1,1,17797,19154
53,2017,3,7,ter,1,1,19154,19166
11,2017,3,7,ter,1,1,19166,39677
1,2017,3,8,qua,1,1,39677,18219
1,2017,3,8,qua,1,1,18219,94088
3,2017,3,8,qua,1,1,94088,39422
78,2017,3,8,qua,1,1,39422,39620
20,2017,3,8,qua,1,1,39620,19166
11,2017,3,8,qua,1,1,19166,17797
25,2017,3,8,qua,1,1,17797,18771
192,2017,3,8,qua,1,1,18771,18593
18,2017,3,9,qui,1,1,18593,18264
24,2017,3,9,qui,1,1,18264,39422
78,2017,3,9,qui,1,1,39422,19154
53,2017,3,9,qui,1,1,19154,17429
15,2017,3,9,qui,1,1,17429,18771
192,2017,3,9,qui,1,1,18771,19038
6,2017,3,9,qui,1,1,19038,17547
16,2017,3,10,sex,1,1,17547,17547
16,2017,3,10,sex,1,1,17547,18084
44,2017,3,10,sex,1,1,18084,131758
4,2017,3,10,sex,1,1,131758,18771
192,2017,3,10,sex,1,1,18771,131766
11,2017,3,10,sex,1,1,131766,39422
78,2017,3,10,sex,1,1,39422,17347
64,2017,3,10,sex,1,1,17347,18771
192,2017,3,10,sex,1,1,18771,18771
192,2017,3,10,sex,1,1,18771,17520
53,2017,3,10,sex,1,1,17520,18327
7,2017,3,10,sex,1,1,18327,18771
192,2017,3,10,sex,1,1,18771,39422
78,2017,3,11,sb,1,1,39422,18125
34,2017,3,11,sb,1,1,18125,17797
25,2017,3,11,sb,1,1,17797,18275
5,2017,3,11,sb,1,1,18275,18084
44,2017,3,11,sb,1,1,18084,18275
5,2017,3,11,sb,1,1,18275,19000
56,2017,3,11,sb,1,1,19000,17208
1,2017,3,13,seg,1,1,17208,39614
4,2017,3,13,seg,1,1,39614,17268
1,2017,3,13,seg,1,1,17268,18547
1,2017,3,13,seg,1,1,18547,17225
4,2017,3,13,seg,1,1,17225,39422
78,2017,3,13,seg,1,1,39422,131742
4,2017,3,13,seg,1,1,131742,131746
4,2017,3,13,seg,1,1,131746,18771
192,2017,3,13,seg,1,1,18771,131743
4,2017,3,13,seg,1,1,131743,18593
18,2017,3,13,seg,1,1,18593,17347
64,2017,3,13,seg,1,1,17347,18771
192,2017,3,13,seg,1,1,18771,17989
31,2017,3,13,seg,1,1,17989,114043
2,2017,3,13,seg,1,1,114043,94075
11,2017,3,13,seg,1,1,94075,39422
78,2017,3,13,seg,1,1,39422,18084
44,2017,3,13,seg,1,1,18084,18264
24,2017,3,13,seg,1,1,18264,18771
192,2017,3,13,seg,1,1,18771,18193
19,2017,3,14,ter,1,1,18193,17150
82,2017,3,14,ter,1,1,17150,18795
29,2017,3,14,ter,1,1,18795,18617
12,2017,3,14,ter,1,1,18617,17876
7,2017,3,14,ter,1,1,17876,17659
2,2017,3,14,ter,1,1,17659,17929
15,2017,3,14,ter,1,1,17929,18512
18,2017,3,14,ter,1,1,18512,18228
9,2017,3,14,ter,1,1,18228,18771
192,2017,3,14,ter,1,1,18771,19034
41,2017,3,14,ter,1,1,19034,17539
9,2017,3,15,qua,1,1,17539,114043
2,2017,3,15,qua,1,1,114043,18125
34,2017,3,15,qua,1,1,18125,18771
192,2017,3,15,qua,1,1,18771,17168
1,2017,3,15,qua,1,1,17168,17520
53,2017,3,15,qua,1,1,17520,17648
1,2017,3,15,qua,1,1,17648,17797
25,2017,3,16,qui,1,1,17797,131745
2,2017,3,16,qui,1,1,131745,39682
4,2017,3,16,qui,1,1,39682,18771
192,2017,3,16,qui,1,1,18771,18688
5,2017,3,16,qui,1,1,18688,17797
25,2017,3,16,qui,1,1,17797,18688
5,2017,3,16,qui,1,1,18688,18688
5,2017,3,16,qui,1,1,18688,18289
1,2017,3,16,qui,1,1,18289,18317
1,2017,3,16,qui,1,1,18317,18568
1,2017,3,16,qui,1,1,18568,18420
2,2017,3,16,qui,1,1,18420,18420
2,2017,3,16,qui,1,1,18420,18596
3,2017,3,16,qui,1,1,18596,18569
1,2017,3,16,qui,1,1,18569,17419
1,2017,3,16,qui,1,1,17419,19034
41,2017,3,16,qui,1,1,19034,131749
32,2017,3,16,qui,1,1,131749,18512
18,2017,3,17,sex,1,1,18512,17417
5,2017,3,17,sex,1,1,17417,18404
6,2017,3,17,sex,1,1,18404,131768
17,2017,3,17,sex,1,1,131768,131768
17,2017,3,17,sex,1,1,131768,18385
15,2017,3,17,sex,1,1,18385,18164
12,2017,3,17,sex,1,1,18164,17368
1,2017,3,18,sb,1,1,17368,39422
78,2017,3,18,sb,1,1,39422,19154
53,2017,3,18,sb,1,1,19154,17539
9,2017,3,18,sb,1,1,17539,17574
17,2017,3,18,sb,1,1,17574,94077
3,2017,3,18,sb,1,1,94077,18771
192,2017,3,18,sb,1,1,18771,18879
14,2017,3,18,sb,1,1,18879,18771
192,2017,3,18,sb,1,1,18771,19072
54,2017,3,18,sb,1,1,19072,18771
192,2017,3,20,seg,1,1,18771,18385
15,2017,3,20,seg,1,1,18385,18385
15,2017,3,20,seg,1,1,18385,19034
41,2017,3,20,seg,1,1,19034,17520
53,2017,3,20,seg,1,1,17520,18771
192,2017,3,20,seg,1,1,18771,17929
15,2017,3,20,seg,1,1,17929,18811
1,2017,3,20,seg,1,1,18811,18228
9,2017,3,20,seg,1,1,18228,17574
17,2017,3,20,seg,1,1,17574,18862
2,2017,3,20,seg,1,1,18862,18125
34,2017,3,20,seg,1,1,18125,18771
192,2017,3,21,ter,1,1,18771,17723
1,2017,3,21,ter,1,1,17723,18023
45,2017,3,21,ter,1,1,18023,18825
10,2017,3,21,ter,1,1,18825,17427
5,2017,3,21,ter,1,1,17427,18771
192,2017,3,21,ter,1,1,18771,131764
1,2017,3,21,ter,1,1,131764,17539
9,2017,3,22,qua,1,1,17539,18771
192,2017,3,22,qua,1,1,18771,17730
5,2017,3,22,qua,1,1,17730,19154
53,2017,3,22,qua,1,1,19154,19154
53,2017,3,22,qua,1,1,19154,17539
9,2017,3,22,qua,1,1,17539,17347
64,2017,3,22,qua,1,1,17347,18857
2,2017,3,22,qua,1,1,18857,18788
4,2017,3,22,qua,1,1,18788,17771
4,2017,3,22,qua,1,1,17771,18084
44,2017,3,22,qua,1,1,18084,39422
78,2017,3,22,qua,1,1,39422,131768
17,2017,3,22,qua,1,1,131768,94074
2,2017,3,22,qua,1,1,94074,18698
3,2017,3,22,qua,1,1,18698,18750
1,2017,3,22,qua,1,1,18750,39422
78,2017,3,22,qua,1,1,39422,18771
192,2017,3,22,qua,1,1,18771,17520
53,2017,3,22,qua,1,1,17520,17520
53,2017,3,22,qua,1,1,17520,17520
53,2017,3,22,qua,1,1,17520,131747
2,2017,3,23,qui,1,1,131747,18023
45,2017,3,23,qui,1,1,18023,18771
192,2017,3,23,qui,1,1,18771,95102
8,2017,3,23,qui,1,1,95102,95102
8,2017,3,23,qui,1,1,95102,131747
2,2017,3,23,qui,1,1,131747,95102
8,2017,3,23,qui,1,1,95102,95102
8,2017,3,23,qui,1,1,95102,95102
8,2017,3,23,qui,1,1,95102,95102
8,2017,3,23,qui,1,1,95102,18264
24,2017,3,23,qui,1,1,18264,18084
44,2017,3,23,qui,1,1,18084,18084
44,2017,3,23,qui,1,1,18084,18771
192,2017,3,23,qui,1,1,18771,18771
192,2017,3,23,qui,1,1,18771,19072
54,2017,3,23,qui,1,1,19072,17989
31,2017,3,23,qui,1,1,17989,17574
17,2017,3,24,sex,1,1,17574,18164
12,2017,3,24,sex,1,1,18164,18385
15,2017,3,24,sex,1,1,18385,18023
45,2017,3,24,sex,1,1,18023,18023
45,2017,3,24,sex,1,1,18023,17547
16,2017,3,24,sex,1,1,17547,17547
16,2017,3,24,sex,1,1,17547,18771
192,2017,3,24,sex,1,1,18771,17868
1,2017,3,24,sex,1,1,17868,17347
64,2017,3,24,sex,1,1,17347,17347
64,2017,3,24,sex,1,1,17347,17429
15,2017,3,24,sex,1,1,17429,17619
2,2017,3,24,sex,1,1,17619,17797
25,2017,3,24,sex,1,1,17797,17347
64,2017,3,24,sex,1,1,17347,19034
41,2017,3,24,sex,1,1,19034,18084
44,2017,3,24,sex,1,1,18084,18370
9,2017,3,24,sex,1,1,18370,18800
13,2017,3,24,sex,1,1,18800,19146
7,2017,3,24,sex,1,1,19146,18370
9,2017,3,24,sex,1,1,18370,19034
41,2017,3,24,sex,1,1,19034,18084
44,2017,3,24,sex,1,1,18084,18771
192,2017,3,24,sex,1,1,18771,18125
34,2017,3,24,sex,1,1,18125,18205
3,2017,3,24,sex,1,1,18205,17150
82,2017,3,24,sex,1,1,17150,19157
7,2017,3,25,sb,1,1,19157,18023
45,2017,3,25,sb,1,1,18023,131746
4,2017,3,25,sb,1,1,131746,17547
16,2017,3,25,sb,1,1,17547,131742
4,2017,3,25,sb,1,1,131742,131746
4,2017,3,25,sb,1,1,131746,17347
64,2017,3,25,sb,1,1,17347,19154
53,2017,3,25,sb,1,1,19154,19166
11,2017,3,25,sb,1,1,19166,18578
2,2017,3,27,seg,1,1,18578,18522
1,2017,3,27,seg,1,1,18522,18476
1,2017,3,27,seg,1,1,18476,18436
13,2017,3,27,seg,1,1,18436,18771
192,2017,3,27,seg,1,1,18771,19072
54,2017,3,27,seg,1,1,19072,131742
4,2017,3,27,seg,1,1,131742,19022
5,2017,3,27,seg,1,1,19022,17943
2,2017,3,27,seg,1,1,17943,19022
5,2017,3,27,seg,1,1,19022,18023
45,2017,3,27,seg,1,1,18023,39620
20,2017,3,27,seg,1,1,39620,19154
53,2017,3,27,seg,1,1,19154,17574
17,2017,3,27,seg,1,1,17574,39422
78,2017,3,27,seg,1,1,39422,131768
17,2017,3,27,seg,1,1,131768,18771
192,2017,3,27,seg,1,1,18771,19072
54,2017,3,27,seg,1,1,19072,17989
31,2017,3,27,seg,1,1,17989,131766
11,2017,3,27,seg,1,1,131766,131767
7,2017,3,27,seg,1,1,131767,39422
78,2017,3,27,seg,1,1,39422,131746
4,2017,3,28,ter,1,1,131746,17539
9,2017,3,28,ter,1,1,17539,17539
9,2017,3,28,ter,1,1,17539,131759
7,2017,3,28,ter,1,1,131759,17264
6,2017,3,28,ter,1,1,17264,131742
4,2017,3,28,ter,1,1,131742,18789
3,2017,3,28,ter,1,1,18789,18261
4,2017,3,28,ter,1,1,18261,17641
4,2017,3,28,ter,1,1,17641,17150
82,2017,3,29,qua,1,1,17150,17150
82,2017,3,29,qua,1,1,17150,19021
1,2017,3,29,qua,1,1,19021,18795
29,2017,3,29,qua,1,1,18795,17150
82,2017,3,29,qua,1,1,17150,18795
29,2017,3,29,qua,1,1,18795,17150
82,2017,3,29,qua,1,1,17150,18617
12,2017,3,29,qua,1,1,18617,18084
44,2017,3,29,qua,1,1,18084,38794
2,2017,3,29,qua,1,1,38794,19038
6,2017,3,29,qua,1,1,19038,17680
9,2017,3,29,qua,1,1,17680,94085
4,2017,3,29,qua,1,1,94085,94063
7,2017,3,30,qui,1,1,94063,17150
82,2017,3,30,qui,1,1,17150,17680
9,2017,3,30,qui,1,1,17680,17659
2,2017,3,30,qui,1,1,17659,17929
15,2017,3,30,qui,1,1,17929,18771
192,2017,3,30,qui,1,1,18771,18125
34,2017,3,30,qui,1,1,18125,17150
82,2017,3,30,qui,1,1,17150,17150
82,2017,3,30,qui,1,1,17150,17347
64,2017,3,30,qui,1,1,17347,18294
3,2017,3,30,qui,1,1,18294,17150
82,2017,3,30,qui,1,1,17150,17150
82,2017,3,30,qui,1,1,17150,17680
9,2017,3,30,qui,1,1,17680,18771
192,2017,3,30,qui,1,1,18771,131760
7,2017,3,30,qui,1,1,131760,17150
82,2017,3,30,qui,1,1,17150,17680
9,2017,3,30,qui,1,1,17680,17347
64,2017,3,31,sex,1,1,17347,18711
1,2017,3,31,sex,1,1,18711,17989
31,2017,3,31,sex,1,1,17989,17501
1,2017,3,31,sex,1,1,17501,18795
29,2017,3,31,sex,1,1,18795,18771
192,2017,3,31,sex,1,1,18771,18023
45,2017,3,31,sex,1,1,18023,18125
34,2017,3,31,sex,1,1,18125,131749
32,2017,3,31,sex,1,1,131749,18771
192,2017,3,31,sex,1,1,18771,131754
18,2017,4,1,sb,1,2,131754,18512
18,2017,4,1,sb,1,2,18512,18512
18,2017,4,1,sb,1,2,18512,17347
64,2017,4,1,sb,1,2,17347,18125
34,2017,4,1,sb,1,2,18125,18771
192,2017,4,1,sb,1,2,18771,19154
53,2017,4,1,sb,1,2,19154,19166
11,2017,4,1,sb,1,2,19166,19154
53,2017,4,1,sb,1,2,19154,94577
1,2017,4,1,sb,1,2,94577,19036
3,2017,4,3,seg,1,2,19036,18084
44,2017,4,3,seg,1,2,18084,18771
192,2017,4,3,seg,1,2,18771,18771
192,2017,4,3,seg,1,2,18771,18264
24,2017,4,3,seg,1,2,18264,18771
192,2017,4,3,seg,1,2,18771,18593
18,2017,4,3,seg,1,2,18593,94069
2,2017,4,3,seg,1,2,94069,131763
13,2017,4,3,seg,1,2,131763,19036
3,2017,4,3,seg,1,2,19036,18877
12,2017,4,4,ter,1,2,18877,18193
19,2017,4,4,ter,1,2,18193,18916
8,2017,4,4,ter,1,2,18916,18877
12,2017,4,4,ter,1,2,18877,18877
12,2017,4,4,ter,1,2,18877,19166
11,2017,4,4,ter,1,2,19166,19034
41,2017,4,4,ter,1,2,19034,18084
44,2017,4,4,ter,1,2,18084,19000
56,2017,4,4,ter,1,2,19000,19000
56,2017,4,4,ter,1,2,19000,18436
13,2017,4,4,ter,1,2,18436,18617
12,2017,4,4,ter,1,2,18617,131768
17,2017,4,4,ter,1,2,131768,17520
53,2017,4,5,qua,1,2,17520,39620
20,2017,4,5,qua,1,2,39620,19000
56,2017,4,5,qua,1,2,19000,19154
53,2017,4,5,qua,1,2,19154,18825
10,2017,4,5,qua,1,2,18825,19034
41,2017,4,5,qua,1,2,19034,18084
44,2017,4,5,qua,1,2,18084,18771
192,2017,4,5,qua,1,2,18771,39422
78,2017,4,5,qua,1,2,39422,17150
82,2017,4,5,qua,1,2,17150,18771
192,2017,4,5,qua,1,2,18771,131749
32,2017,4,5,qua,1,2,131749,17520
53,2017,4,5,qua,1,2,17520,17347
64,2017,4,6,qui,1,2,17347,18864
8,2017,4,6,qui,1,2,18864,19000
56,2017,4,6,qui,1,2,19000,17347
64,2017,4,6,qui,1,2,17347,18023
45,2017,4,6,qui,1,2,18023,39682
4,2017,4,6,qui,1,2,39682,19000
56,2017,4,6,qui,1,2,19000,17730
5,2017,4,6,qui,1,2,17730,19000
56,2017,4,6,qui,1,2,19000,19034
41,2017,4,8,sb,1,2,19034,18228
9,2017,4,8,sb,1,2,18228,18228
9,2017,4,8,sb,1,2,18228,19000
56,2017,4,8,sb,1,2,19000,19034
41,2017,4,8,sb,1,2,19034,17520
53,2017,4,8,sb,1,2,17520,131743
4,2017,4,8,sb,1,2,131743,131766
11,2017,4,8,sb,1,2,131766,39620
20,2017,4,10,seg,1,2,39620,17989
31,2017,4,10,seg,1,2,17989,39422
78,2017,4,10,seg,1,2,39422,18327
7,2017,4,10,seg,1,2,18327,17263
2,2017,4,10,seg,1,2,17263,17929
15,2017,4,12,qua,1,2,17929,17929
15,2017,4,12,qua,1,2,17929,131768
17,2017,4,12,qua,1,2,131768,17263
2,2017,4,12,qua,1,2,17263,18327
7,2017,4,12,qua,1,2,18327,19072
54,2017,4,12,qua,1,2,19072,18771
192,2017,4,12,qua,1,2,18771,131768
17,2017,4,12,qua,1,2,131768,18023
45,2017,4,13,qui,1,2,18023,19000
56,2017,4,13,qui,1,2,19000,39612
1,2017,4,13,qui,1,2,39612,39422
78,2017,4,13,qui,1,2,39422,131743
4,2017,4,13,qui,1,2,131743,18771
192,2017,4,13,qui,1,2,18771,18731
3,2017,4,13,qui,1,2,18731,18084
44,2017,4,13,qui,1,2,18084,18825
10,2017,4,13,qui,1,2,18825,19000
56,2017,4,13,qui,1,2,19000,17771
4,2017,4,13,qui,1,2,17771,18084
44,2017,4,13,qui,1,2,18084,18084
44,2017,4,13,qui,1,2,18084,17429
15,2017,4,13,qui,1,2,17429,17347
64,2017,4,13,qui,1,2,17347,18771
192,2017,4,15,sb,1,2,18771,18771
192,2017,4,15,sb,1,2,18771,18771
192,2017,4,15,sb,1,2,18771,18264
24,2017,4,15,sb,1,2,18264,18771
192,2017,4,15,sb,1,2,18771,131757
8,2017,4,17,seg,1,2,131757,17347
64,2017,4,17,seg,1,2,17347,39422
78,2017,4,17,seg,1,2,39422,19000
56,2017,4,17,seg,1,2,19000,17520
53,2017,4,17,seg,1,2,17520,39422
78,2017,4,17,seg,1,2,39422,94088
3,2017,4,17,seg,1,2,94088,18175
2,2017,4,17,seg,1,2,18175,18175
2,2017,4,17,seg,1,2,18175,94088
3,2017,4,17,seg,1,2,94088,17520
53,2017,4,17,seg,1,2,17520,131749
32,2017,4,17,seg,1,2,131749,18617
12,2017,4,18,ter,1,2,18617,17150
82,2017,4,18,ter,1,2,17150,17797
25,2017,4,18,ter,1,2,17797,18771
192,2017,4,18,ter,1,2,18771,19000
56,2017,4,18,ter,1,2,19000,17347
64,2017,4,18,ter,1,2,17347,18771
192,2017,4,18,ter,1,2,18771,17930
1,2017,4,18,ter,1,2,17930,17289
1,2017,4,18,ter,1,2,17289,18892
1,2017,4,18,ter,1,2,18892,39608
2,2017,4,18,ter,1,2,39608,17751
1,2017,4,18,ter,1,2,17751,18228
9,2017,4,19,qua,1,2,18228,17574
17,2017,4,19,qua,1,2,17574,131745
2,2017,4,19,qua,1,2,131745,18771
192,2017,4,19,qua,1,2,18771,18771
192,2017,4,19,qua,1,2,18771,19072
54,2017,4,19,qua,1,2,19072,18771
192,2017,4,19,qua,1,2,18771,17150
82,2017,4,19,qua,1,2,17150,18795
29,2017,4,19,qua,1,2,18795,18771
192,2017,4,19,qua,1,2,18771,17520
53,2017,4,19,qua,1,2,17520,39403
5,2017,4,19,qua,1,2,39403,18023
45,2017,4,19,qua,1,2,18023,17150
82,2017,4,19,qua,1,2,17150,17546
1,2017,4,20,qui,1,2,17546,18771
192,2017,4,20,qui,1,2,18771,18808
2,2017,4,20,qui,1,2,18808,18275
5,2017,4,20,qui,1,2,18275,18877
12,2017,4,20,qui,1,2,18877,131754
18,2017,4,20,qui,1,2,131754,131760
7,2017,4,20,qui,1,2,131760,39422
78,2017,4,22,sb,1,2,39422,17429
15,2017,4,22,sb,1,2,17429,17347
64,2017,4,22,sb,1,2,17347,18771
192,2017,4,22,sb,1,2,18771,19034
41,2017,4,22,sb,1,2,19034,18084
44,2017,4,22,sb,1,2,18084,17520
53,2017,4,22,sb,1,2,17520,39620
20,2017,4,22,sb,1,2,39620,39620
20,2017,4,22,sb,1,2,39620,19034
41,2017,4,22,sb,1,2,19034,18084
44,2017,4,22,sb,1,2,18084,131757
8,2017,4,24,seg,1,2,131757,18771
192,2017,4,24,seg,1,2,18771,17989
31,2017,4,24,seg,1,2,17989,18771
192,2017,4,24,seg,1,2,18771,17989
31,2017,4,24,seg,1,2,17989,131749
32,2017,4,25,ter,1,2,131749,18512
18,2017,4,25,ter,1,2,18512,18771
192,2017,4,25,ter,1,2,18771,18404
6,2017,4,25,ter,1,2,18404,18193
19,2017,4,25,ter,1,2,18193,19034
41,2017,4,25,ter,1,2,19034,17150
82,2017,4,25,ter,1,2,17150,17150
82,2017,4,25,ter,1,2,17150,19000
56,2017,4,25,ter,1,2,19000,18771
192,2017,4,25,ter,1,2,18771,17150
82,2017,4,25,ter,1,2,17150,19072
54,2017,4,25,ter,1,2,19072,19072
54,2017,4,25,ter,1,2,19072,17989
31,2017,4,26,qua,1,2,17989,18771
192,2017,4,26,qua,1,2,18771,17520
53,2017,4,26,qua,1,2,17520,39422
78,2017,4,26,qua,1,2,39422,18228
9,2017,4,26,qua,1,2,18228,17574
17,2017,4,26,qua,1,2,17574,17574
17,2017,4,26,qua,1,2,17574,131754
18,2017,4,26,qua,1,2,131754,131767
7,2017,4,26,qua,1,2,131767,131763
13,2017,4,26,qua,1,2,131763,39422
78,2017,4,27,qui,1,2,39422,17847
4,2017,4,27,qui,1,2,17847,18125
34,2017,4,27,qui,1,2,18125,17150
82,2017,4,27,qui,1,2,17150,18090
7,2017,4,27,qui,1,2,18090,131754
18,2017,4,27,qui,1,2,131754,17919
6,2017,4,27,qui,1,2,17919,131754
18,2017,4,27,qui,1,2,131754,18771
192,2017,4,27,qui,1,2,18771,19072
54,2017,4,27,qui,1,2,19072,18771
192,2017,4,27,qui,1,2,18771,17347
64,2017,4,27,qui,1,2,17347,17520
53,2017,4,27,qui,1,2,17520,17150
82,2017,4,27,qui,1,2,17150,18795
29,2017,4,27,qui,1,2,18795,18795
29,2017,4,27,qui,1,2,18795,18825
10,2017,4,29,sb,1,2,18825,17876
7,2017,4,29,sb,1,2,17876,17147
3,2017,4,29,sb,1,2,17147,39422
78,2017,4,29,sb,1,2,39422,131768
17,2017,4,29,sb,1,2,131768,19034
41,2017,5,2,ter,1,2,19034,17770
1,2017,5,2,ter,1,2,17770,18771
192,2017,5,2,ter,1,2,18771,17989
31,2017,5,2,ter,1,2,17989,17150
82,2017,5,2,ter,1,2,17150,18795
29,2017,5,2,ter,1,2,18795,17547
16,2017,5,2,ter,1,2,17547,18205
3,2017,5,2,ter,1,2,18205,17150
82,2017,5,2,ter,1,2,17150,39424
6,2017,5,2,ter,1,2,39424,18261
4,2017,5,2,ter,1,2,18261,19000
56,2017,5,2,ter,1,2,19000,19000
56,2017,5,2,ter,1,2,19000,131767
7,2017,5,3,qua,1,2,131767,39752
5,2017,5,3,qua,1,2,39752,39752
5,2017,5,3,qua,1,2,39752,131754
18,2017,5,3,qua,1,2,131754,17704
3,2017,5,3,qua,1,2,17704,17704
3,2017,5,3,qua,1,2,17704,18228
9,2017,5,3,qua,1,2,18228,17574
17,2017,5,3,qua,1,2,17574,19000
56,2017,5,3,qua,1,2,19000,17147
3,2017,5,3,qua,1,2,17147,18771
192,2017,5,3,qua,1,2,18771,19028
1,2017,5,3,qua,1,2,19028,19034
41,2017,5,3,qua,1,2,19034,17628
3,2017,5,3,qua,1,2,17628,19146
7,2017,5,3,qua,1,2,19146,17876
7,2017,5,3,qua,1,2,17876,131749
32,2017,5,4,qui,1,2,131749,39422
78,2017,5,4,qui,1,2,39422,18771
192,2017,5,4,qui,1,2,18771,18771
192,2017,5,4,qui,1,2,18771,17347
64,2017,5,5,sex,1,2,17347,18084
44,2017,5,5,sex,1,2,18084,17347
64,2017,5,5,sex,1,2,17347,17999
2,2017,5,5,sex,1,2,17999,19157
7,2017,5,5,sex,1,2,19157,17417
5,2017,5,5,sex,1,2,17417,18771
192,2017,5,5,sex,1,2,18771,18879
14,2017,5,5,sex,1,2,18879,18771
192,2017,5,5,sex,1,2,18771,19154
53,2017,5,6,sb,1,2,19154,19000
56,2017,5,6,sb,1,2,19000,19034
41,2017,5,6,sb,1,2,19034,18164
12,2017,5,6,sb,1,2,18164,18323
4,2017,5,6,sb,1,2,18323,18323
4,2017,5,6,sb,1,2,18323,18771
192,2017,5,8,seg,1,2,18771,19072
54,2017,5,8,seg,1,2,19072,17150
82,2017,5,8,seg,1,2,17150,19000
56,2017,5,8,seg,1,2,19000,18189
5,2017,5,8,seg,1,2,18189,19000
56,2017,5,8,seg,1,2,19000,131753
5,2017,5,8,seg,1,2,131753,131753
5,2017,5,8,seg,1,2,131753,131751
5,2017,5,8,seg,1,2,131751,17919
6,2017,5,8,seg,1,2,17919,18090
7,2017,5,8,seg,1,2,18090,19015
1,2017,5,9,ter,1,2,19015,18164
12,2017,5,9,ter,1,2,18164,18164
12,2017,5,9,ter,1,2,18164,17150
82,2017,5,9,ter,1,2,17150,39424
6,2017,5,9,ter,1,2,39424,39424
6,2017,5,9,ter,1,2,39424,39424
6,2017,5,9,ter,1,2,39424,17929
15,2017,5,9,ter,1,2,17929,17929
15,2017,5,9,ter,1,2,17929,17989
31,2017,5,9,ter,1,2,17989,18771
192,2017,5,9,ter,1,2,18771,18864
8,2017,5,9,ter,1,2,18864,17295
3,2017,5,9,ter,1,2,17295,18023
45,2017,5,9,ter,1,2,18023,18023
45,2017,5,9,ter,1,2,18023,18023
45,2017,5,9,ter,1,2,18023,17150
82,2017,5,9,ter,1,2,17150,18771
192,2017,5,9,ter,1,2,18771,17989
31,2017,5,9,ter,1,2,17989,19072
54,2017,5,9,ter,1,2,19072,39676
2,2017,5,9,ter,1,2,39676,18125
34,2017,5,9,ter,1,2,18125,18325
4,2017,5,9,ter,1,2,18325,18325
4,2017,5,9,ter,1,2,18325,17150
82,2017,5,10,qua,1,2,17150,19154
53,2017,5,10,qua,1,2,19154,17150
82,2017,5,10,qua,1,2,17150,39424
6,2017,5,10,qua,1,2,39424,17150
82,2017,5,10,qua,1,2,17150,18795
29,2017,5,10,qua,1,2,18795,18023
45,2017,5,10,qua,1,2,18023,18023
45,2017,5,10,qua,1,2,18023,18864
8,2017,5,10,qua,1,2,18864,17244
12,2017,5,10,qua,1,2,17244,17539
9,2017,5,10,qua,1,2,17539,17347
64,2017,5,10,qua,1,2,17347,17539
9,2017,5,10,qua,1,2,17539,17461
2,2017,5,11,qui,1,2,17461,17461
2,2017,5,11,qui,1,2,17461,39672
2,2017,5,11,qui,1,2,39672,19022
5,2017,5,11,qui,1,2,19022,19022
5,2017,5,11,qui,1,2,19022,17943
2,2017,5,11,qui,1,2,17943,19022
5,2017,5,11,qui,1,2,19022,18125
34,2017,5,11,qui,1,2,18125,131768
17,2017,5,11,qui,1,2,131768,39422
78,2017,5,11,qui,1,2,39422,18436
13,2017,5,11,qui,1,2,18436,131768
17,2017,5,11,qui,1,2,131768,39422
78,2017,5,11,qui,1,2,39422,39422
78,2017,5,12,sex,1,2,39422,39422
78,2017,5,12,sex,1,2,39422,39409
1,2017,5,12,sex,1,2,39409,131743
4,2017,5,12,sex,1,2,131743,17244
12,2017,5,12,sex,1,2,17244,18771
192,2017,5,12,sex,1,2,18771,17150
82,2017,5,12,sex,1,2,17150,17150
82,2017,5,12,sex,1,2,17150,18795
29,2017,5,12,sex,1,2,18795,18795
29,2017,5,12,sex,1,2,18795,17797
25,2017,5,12,sex,1,2,17797,18771
192,2017,5,12,sex,1,2,18771,17797
25,2017,5,13,sb,1,2,17797,39676
2,2017,5,13,sb,1,2,39676,19034
41,2017,5,13,sb,1,2,19034,19034
41,2017,5,13,sb,1,2,19034,18512
18,2017,5,13,sb,1,2,18512,19034
41,2017,5,15,seg,1,2,19034,18084
44,2017,5,15,seg,1,2,18084,19034
41,2017,5,15,seg,1,2,19034,39422
78,2017,5,15,seg,1,2,39422,18140
4,2017,5,15,seg,1,2,18140,18540
3,2017,5,15,seg,1,2,18540,18593
18,2017,5,15,seg,1,2,18593,18540
3,2017,5,15,seg,1,2,18540,19154
53,2017,5,15,seg,1,2,19154,19166
11,2017,5,15,seg,1,2,19166,18771
192,2017,5,15,seg,1,2,18771,17429
15,2017,5,15,seg,1,2,17429,18771
192,2017,5,15,seg,1,2,18771,19072
54,2017,5,15,seg,1,2,19072,18541
1,2017,5,15,seg,1,2,18541,131749
32,2017,5,15,seg,1,2,131749,131754
18,2017,5,15,seg,1,2,131754,17150
82,2017,5,16,ter,1,2,17150,17347
64,2017,5,16,ter,1,2,17347,18771
192,2017,5,16,ter,1,2,18771,17703
3,2017,5,16,ter,1,2,17703,18090
7,2017,5,16,ter,1,2,18090,17919
6,2017,5,16,ter,1,2,17919,18771
192,2017,5,16,ter,1,2,18771,18771
192,2017,5,16,ter,1,2,18771,18771
192,2017,5,16,ter,1,2,18771,18879
14,2017,5,16,ter,1,2,18879,17989
31,2017,5,16,ter,1,2,17989,18771
192,2017,5,17,qua,1,2,18771,18771
192,2017,5,17,qua,1,2,18771,17150
82,2017,5,17,qua,1,2,17150,19000
56,2017,5,17,qua,1,2,19000,19034
41,2017,5,17,qua,1,2,19034,17803
4,2017,5,17,qua,1,2,17803,131757
8,2017,5,17,qua,1,2,131757,39422
78,2017,5,17,qua,1,2,39422,17574
17,2017,5,17,qua,1,2,17574,18264
24,2017,5,17,qua,1,2,18264,18877
12,2017,5,17,qua,1,2,18877,18771
192,2017,5,17,qua,1,2,18771,17244
12,2017,5,17,qua,1,2,17244,17929
15,2017,5,17,qua,1,2,17929,17537
4,2017,5,18,qui,1,2,17537,17347
64,2017,5,18,qui,1,2,17347,17347
64,2017,5,18,qui,1,2,17347,39422
78,2017,5,18,qui,1,2,39422,94075
11,2017,5,18,qui,1,2,94075,94075
11,2017,5,18,qui,1,2,94075,131768
17,2017,5,18,qui,1,2,131768,19000
56,2017,5,18,qui,1,2,19000,17150
82,2017,5,18,qui,1,2,17150,18795
29,2017,5,18,qui,1,2,18795,18578
2,2017,5,18,qui,1,2,18578,18771
192,2017,5,19,sex,1,2,18771,19072
54,2017,5,19,sex,1,2,19072,17347
64,2017,5,19,sex,1,2,17347,17150
82,2017,5,19,sex,1,2,17150,19034
41,2017,5,19,sex,1,2,19034,17574
17,2017,5,19,sex,1,2,17574,17539
9,2017,5,19,sex,1,2,17539,17150
82,2017,5,19,sex,1,2,17150,18125
34,2017,5,20,sb,1,2,18125,18019
16,2017,5,20,sb,1,2,18019,18189
5,2017,5,20,sb,1,2,18189,17797
25,2017,5,20,sb,1,2,17797,131759
7,2017,5,22,seg,1,2,131759,18436
13,2017,5,22,seg,1,2,18436,131759
7,2017,5,22,seg,1,2,131759,131759
7,2017,5,22,seg,1,2,131759,19146
7,2017,5,22,seg,1,2,19146,18294
3,2017,5,22,seg,1,2,18294,19159
1,2017,5,22,seg,1,2,19159,17797
25,2017,5,22,seg,1,2,17797,18327
7,2017,5,22,seg,1,2,18327,18916
8,2017,5,22,seg,1,2,18916,18327
7,2017,5,22,seg,1,2,18327,39403
5,2017,5,23,ter,1,2,39403,39403
5,2017,5,23,ter,1,2,39403,39403
5,2017,5,23,ter,1,2,39403,39403
5,2017,5,23,ter,1,2,39403,18593
18,2017,5,23,ter,1,2,18593,18593
18,2017,5,23,ter,1,2,18593,17150
82,2017,5,23,ter,1,2,17150,17150
82,2017,5,23,ter,1,2,17150,18795
29,2017,5,23,ter,1,2,18795,17150
82,2017,5,23,ter,1,2,17150,18771
192,2017,5,23,ter,1,2,18771,17520
53,2017,5,23,ter,1,2,17520,19146
7,2017,5,23,ter,1,2,19146,18325
4,2017,5,23,ter,1,2,18325,17150
82,2017,5,23,ter,1,2,17150,17150
82,2017,5,23,ter,1,2,17150,18795
29,2017,5,23,ter,1,2,18795,18771
192,2017,5,23,ter,1,2,18771,19072
54,2017,5,23,ter,1,2,19072,17150
82,2017,5,24,qua,1,2,17150,18877
12,2017,5,24,qua,1,2,18877,17150
82,2017,5,24,qua,1,2,17150,18795
29,2017,5,24,qua,1,2,18795,18771
192,2017,5,24,qua,1,2,18771,18795
29,2017,5,24,qua,1,2,18795,17769
1,2017,5,24,qua,1,2,17769,18255
2,2017,5,24,qua,1,2,18255,131766
11,2017,5,24,qua,1,2,131766,18164
12,2017,5,24,qua,1,2,18164,17680
9,2017,5,24,qua,1,2,17680,17680
9,2017,5,24,qua,1,2,17680,131749
32,2017,5,24,qua,1,2,131749,39422
78,2017,5,24,qua,1,2,39422,131749
32,2017,5,25,qui,1,2,131749,17417
5,2017,5,25,qui,1,2,17417,131749
32,2017,5,25,qui,1,2,131749,18771
192,2017,5,25,qui,1,2,18771,18370
9,2017,5,25,qui,1,2,18370,19049
1,2017,5,25,qui,1,2,19049,18370
9,2017,5,25,qui,1,2,18370,18090
7,2017,5,25,qui,1,2,18090,18023
45,2017,5,25,qui,1,2,18023,18771
192,2017,5,25,qui,1,2,18771,19034
41,2017,5,25,qui,1,2,19034,19034
41,2017,5,25,qui,1,2,19034,18813
5,2017,5,25,qui,1,2,18813,19034
41,2017,5,25,qui,1,2,19034,39611
1,2017,5,25,qui,1,2,39611,18813
5,2017,5,25,qui,1,2,18813,17724
2,2017,5,25,qui,1,2,17724,18084
44,2017,5,25,qui,1,2,18084,17520
53,2017,5,25,qui,1,2,17520,39620
20,2017,5,25,qui,1,2,39620,18385
15,2017,5,25,qui,1,2,18385,131755
9,2017,5,26,sex,1,2,131755,18253
1,2017,5,26,sex,1,2,18253,18264
24,2017,5,26,sex,1,2,18264,131754
18,2017,5,26,sex,1,2,131754,19000
56,2017,5,26,sex,1,2,19000,19034
41,2017,5,26,sex,1,2,19034,19072
54,2017,5,26,sex,1,2,19072,17515
2,2017,5,26,sex,1,2,17515,18571
1,2017,5,26,sex,1,2,18571,94081
1,2017,5,27,sb,1,2,94081,131749
32,2017,5,27,sb,1,2,131749,17963
5,2017,5,27,sb,1,2,17963,18771
192,2017,5,27,sb,1,2,18771,18825
10,2017,5,27,sb,1,2,18825,39432
7,2017,5,27,sb,1,2,39432,18601
4,2017,5,27,sb,1,2,18601,94582
3,2017,5,27,sb,1,2,94582,113690
1,2017,5,27,sb,1,2,113690,39432
7,2017,5,27,sb,1,2,39432,39432
7,2017,5,27,sb,1,2,39432,18771
192,2017,5,27,sb,1,2,18771,18771
192,2017,5,27,sb,1,2,18771,18189
5,2017,5,29,seg,1,2,18189,18189
5,2017,5,29,seg,1,2,18189,18140
4,2017,5,29,seg,1,2,18140,18164
12,2017,5,29,seg,1,2,18164,39608
2,2017,5,29,seg,1,2,39608,17427
5,2017,5,29,seg,1,2,17427,17427
5,2017,5,29,seg,1,2,17427,39422
78,2017,5,29,seg,1,2,39422,39422
78,2017,5,29,seg,1,2,39422,94075
11,2017,5,29,seg,1,2,94075,18125
34,2017,5,29,seg,1,2,18125,17150
82,2017,5,29,seg,1,2,17150,39424
6,2017,5,29,seg,1,2,39424,19000
56,2017,5,30,ter,1,2,19000,18512
18,2017,5,30,ter,1,2,18512,19000
56,2017,5,30,ter,1,2,19000,19072
54,2017,5,30,ter,1,2,19072,18771
192,2017,5,30,ter,1,2,18771,18771
192,2017,5,30,ter,1,2,18771,19000
56,2017,5,30,ter,1,2,19000,17150
82,2017,5,30,ter,1,2,17150,18193
19,2017,5,30,ter,1,2,18193,17574
17,2017,5,30,ter,1,2,17574,18771
192,2017,5,30,ter,1,2,18771,18771
192,2017,5,30,ter,1,2,18771,17989
31,2017,5,30,ter,1,2,17989,18771
192,2017,5,30,ter,1,2,18771,39614
4,2017,5,30,ter,1,2,39614,39682
4,2017,5,30,ter,1,2,39682,39682
4,2017,5,30,ter,1,2,39682,39614
4,2017,5,30,ter,1,2,39614,18431
1,2017,5,31,qua,1,2,18431,135528
1,2017,5,31,qua,1,2,135528,17376
1,2017,5,31,qua,1,2,17376,19038
6,2017,5,31,qua,1,2,19038,38794
2,2017,5,31,qua,1,2,38794,18771
192,2017,5,31,qua,1,2,18771,19157
7,2017,5,31,qua,1,2,19157,18193
19,2017,5,31,qua,1,2,18193,18323
4,2017,5,31,qua,1,2,18323,18261
4,2017,5,31,qua,1,2,18261,18125
34,2017,5,31,qua,1,2,18125,18125
34,2017,5,31,qua,1,2,18125,18205
3,2017,5,31,qua,1,2,18205,39620
20,2017,6,1,qui,1,2,39620,18795
29,2017,6,1,qui,1,2,18795,18023
45,2017,6,2,sex,1,2,18023,18323
4,2017,6,2,sex,1,2,18323,17929
15,2017,6,2,sex,1,2,17929,17929
15,2017,6,2,sex,1,2,17929,131759
7,2017,6,2,sex,1,2,131759,18885
1,2017,6,2,sex,1,2,18885,131754
18,2017,6,2,sex,1,2,131754,18512
18,2017,6,2,sex,1,2,18512,18771
192,2017,6,2,sex,1,2,18771,19072
54,2017,6,3,sb,1,2,19072,18370
9,2017,6,3,sb,1,2,18370,17150
82,2017,6,3,sb,1,2,17150,18795
29,2017,6,3,sb,1,2,18795,39422
78,2017,6,3,sb,1,2,39422,94063
7,2017,6,3,sb,1,2,94063,18731
3,2017,6,3,sb,1,2,18731,18436
13,2017,6,5,seg,1,2,18436,39426
2,2017,6,5,seg,1,2,39426,18072
2,2017,6,5,seg,1,2,18072,18072
2,2017,6,5,seg,1,2,18072,17150
82,2017,6,5,seg,1,2,17150,18573
1,2017,6,5,seg,1,2,18573,18916
8,2017,6,5,seg,1,2,18916,18193
19,2017,6,5,seg,1,2,18193,18877
12,2017,6,5,seg,1,2,18877,19000
56,2017,6,5,seg,1,2,19000,17847
